{"current":{"sticky_announcement_bar":true,"height_header":81,"height_header_mobile":62,"hero_header_desktop":false,"hero_header_mobile":false,"search_show_articles":true,"icon":"material-icons-sharp","grid_product_vendor":false,"grid_product_truncate":true,"enable_product_accent_background":true,"tag_placement":"top-right","hide_collection_title":true,"collection_grid_card":true,"collection_grid_products_count":true,"collection_grid_animation":true,"show_collection_grid_button":true,"collection_grid_button_style":"","collection_grid_button_size":"btn--small","show_author":true,"show_comments":true,"show_tags":true,"word_count":21,"show_locale_selector":true,"show_currency_selector":true,"localization_position":"footer","show_hero":true,"section_height":"small","section_height_mobile":"small","border_radius":2,"button_enable_outline":true,"button_padding_x":11,"button_padding_y":5,"page_title_background":true,"payment_icon_size":20,"dbtfy_product_tabs_position":"under_description","transition_hover_enabled":false,"enable_payment_button":true,"enable_more_payment_options_button":true,"section_padding_size":"small","browsing_link":"shopify:\/\/collections\/frontpage","buy_now_text":"Buy Now","cart_notes_enable":true,"enable_full_product_titles":true,"cart_type":"page","icon_cart":"local_mall","cart_cost_checkout":true,"checkout_icon":"shopping_bag","color_announcement_bg":"#2a2727","color_nav_bg":"#000000","color_nav_border":"#696969","color_nav_text":"#FFFFFF","color_body_bg":"#ffffff","color_default":"#ffffff","color_border":"#FFFFFF","color_headings":"#000000","color_body_text":"#000000","color_primary":"#000000","color_button_text":"#ffffff","color_secondary":"#39cccc","color_input":"#ffffff","color_errors":"#ff0000","color_sales_price":"#ff6699","color_drawer_bg":"#000000","color_drawer_default":"#2a2727","color_drawer_border":"#000000","color_drawer_text":"#FFFFFF","color_drawer_primary":"#993333","color_drawer_button_text":"#FFFFFF","color_drawer_secondary":"#39cccc","color_drawer_input":"#993333","color_drawer_errors":"#ff0000","color_drawer_sales_price":"#ff6699","color_drawer_overlay_opacity":82,"color_footer_bg":"#000000","color_footer_default":"#2a2727","color_footer_border":"#000000","color_footer_primary":"#993333","color_footer_button_text":"#ffffff","color_footer_secondary":"#39cccc","color_footer_input":"#c2c5bf","color_footer_errors":"#FF0000","color_footer_sales_price":"#ff6699","color_overlay":"#FFFFFF","color_transparent_nav_text":"#000000","favicon":"shopify:\/\/shop_images\/SNOGO_FAV_2020.png","sms_app":"","review_app":"","share_facebook":false,"share_twitter":false,"share_pinterest":false,"share_whatsapp":false,"share_reddit":false,"share_email":false,"share_messenger":false,"social_facebook_link":"https:\/\/www.facebook.com\/SnogoJewelry","social_twitter_link":"","social_pinterest_link":"","social_instagram_link":"https:\/\/instagram.com\/snogostraws","social_whatsapp_link":"https:\/\/web.whatsapp.com\/","social_tiktok_link":"https:\/\/www.tiktok.com\/@snogostraws","social_youtube_link":"https:\/\/www.youtube.com\/watch?v=RQH6RRwbI1c","header_family":"merriweather_sans_n7","header_font_size":30,"header_font_size_big":54,"header_spacing":0.1,"header_transform":"initial","accent_family":"merriweather_sans_n4","accent_spacing":0.5,"accent_transform":"initial","button_uppercase":false,"base_family":"merriweather_sans_n4","base_font_size":17,"navigation_font_size":17,"dbtfy_cart_reminder":true,"dbtfy_gift_wrap":true,"dbtfy_minimum_order":true,"dbtfy_inactive_tab_message":true,"dbtfy_back_in_stock":true,"dbtfy_instagram_feed":false,"dbtfy_newsletter_popup":false,"dbtfy_order_feedback":false,"dbtfy_social_discount":false,"dbtfy_wish_list":false,"dbtfy_cart_notification":true,"dbtfy_custom_currencies":true,"dbtfy_delivery_date":false,"dbtfy_infinite_scroll":true,"dbtfy_linked_options":true,"dbtfy_menu_bar":true,"dbtfy_pricing_table":true,"dbtfy_quick_compare":false,"dbtfy_quick_view":true,"dbtfy_recently_viewed":false,"dbtfy_smart_search":true,"dbtfy_age_check":true,"dbtfy_cart_goal":true,"dbtfy_cart_savings":true,"dbtfy_quantity_breaks":true,"dbtfy_upsell_bundles":true,"dbtfy_upsell_popup":true,"dbtfy_addtocart_animation":true,"dbtfy_cart_discount":false,"dbtfy_delivery_time":false,"dbtfy_discount_saved":true,"dbtfy_skip_cart":false,"dbtfy_trust_badge":true,"dbtfy_remove_debutify_branding":true,"dbtfy_automatic_geolocation":true,"dbtfy_collection_addtocart":false,"dbtfy_mega_menu":true,"dbtfy_order_tracking":true,"dbtfy_page_transition":false,"dbtfy_sticky_header":true,"dbtfy_agree_to_terms":true,"dbtfy_cookie_box":false,"dbtfy_shop_protect":false,"dbtfy_addtocart_animation_type":"heartBeat","dbtfy_addtocart_animation_interval":20,"dbtfy_age_check_background_image":"shopify:\/\/shop_images\/1_1_f536b270-8093-4273-8fc0-5c88e602de1e.jpg","dbtfy_age_check_option":"yes-no","dbtfy_age_check_valid_age":21,"dbtfy_age_check_logo_image":"shopify:\/\/shop_images\/Snogo_Stars_Blk.png","dbtfy_back_in_stock_btn_animation":true,"top_button_mobile":false,"show_social_media_on_mobile":true,"cart_bubble_animation":true,"dbtfy_cart_favicon_icon":"shopify:\/\/shop_images\/SNOGO_FAV_2020.png","dbtfy_cart_reminder_hide_mobile":false,"dbtfy_cart_reminder_display":10,"dbtfy_cart_reminder_interval":20,"dbtfy_color_swatches_color":"Color","dbtfy_color_swatches_grid":"Color","dbtfy_color_swatches_count":8,"dbtfy_cookie_box_eu_only":false,"dbtfy_delivery_date_required":false,"dbtfy_gift_wrap_product":"snogo-gift-card","dbtfy_inactive_tab_delay":3,"dbtfy_infinite_scroll_options":"scroll","dbtfy_inventory_quantity_threshold":99,"dbtfy_menu_bar_link_list":"footer","dbtfy_menu_bar_desktop":true,"dbtfy_menu_bar_mobile":true,"dbtfy_minimum_order_amount":"","dbtfy_newsletter_background_image":"shopify:\/\/shop_images\/Snogo-Straws_Anytime-Anywhere_Desktop.jpg","dbtfy_newsletter_popup_width":"small","dbtfy_newsletter_popup_time_trigger":true,"dbtfy_newsletter_popup_timeout":60,"dbtfy_newsletter_popup_exit_intent":false,"dbtfy_newsletter_popup_scroll_depth":false,"dbtfy_newsletter_popup_scroll_percentage":60,"dbtfy_order_feedback_required":false,"dbtfy_quick_compare_distance_from_bottom":20,"dbtfy_quick_compare_product_field_vendor":false,"dbtfy_quick_view_hide_mobile":false,"dbtfy_recently_viewed_show_desktop":true,"dbtfy_recently_viewed_show_mobile":false,"dbtfy_recently_viewed_bar_position":"left","dbtfy_recently_viewed_desktop_grid":"2","dbtfy_recently_viewed_mobile_grid":"1","dbtfy_recently_viewed_enable_slider":true,"dbtfy_recently_viewed_slider_autoplay":true,"dbtfy_shop_protect_collection":false,"dbtfy_smart_search_limit":5,"dbtfy_social_discount_icon":"","dbtfy_social_discount_width":"modal-small","dbtfy_social_discount_reward_code":"","dbtfy_social_discount_reward_amount":"","dbtfy_sticky_addtocart_reviews":true,"dbtfy_sticky_addtocart_animation":true,"dbtfy_sticky_addtocart_mobile":true,"dbtfy_sticky_addtocart_position":"bottom","dbtfy_trust_badge_cart":true,"dbtfy_trust_badge_text_small":false,"dbtfy_trust_badge_image":"shopify:\/\/shop_images\/snogo_colors_728_x_90_px.png","dbtfy_trust_badge_text_position":"above","dbtfy_trust_badge_width":"600","dbtfy_wish_list_bubble":true,"dbtfy_wish_list_bubble_animation":true,"dbtfy_wish_list_count":true,"dbtfy_wish_list_page":"wish-list","sticky_header":true,"show_top_button":true,"cart_message_enable":false,"checkout_logo_image":"shopify:\/\/shop_images\/Snogo_Blk_Horz_M.png","checkout_sidebar_background_color":"#FFFFFF","checkout_accent_color":"#c2c5bf","checkout_button_color":"#696969","checkout_error_color":"#ff0000","sections":{"dbtfy-account-settings":{"type":"dbtfy-account-settings","settings":{}},"dbtfy-bullet-points":{"type":"dbtfy-bullet-points","blocks":{"fb02b614-a675-46c5-9441-346a4569d1d1":{"type":"point","settings":{"title":"Necklace sold separately","dbtfy_bullet_point_text_1":"<p>All Snogo SMG necklaces are uni-Sex, 15″, and fit ONLY the recently released Snogo SMG. Snogo SMG sold separately. <\/p>","dbtfy_bullet_point_icon_1":"info","visibility_1":"product","dbtfy_bullet_point_collection_1":"","dbtfy_bullet_point_type_1":"","dbtfy_bullet_point_tag_1":"","dbtfy_bullet_point_product_1":"smg-necklace","dbtfy_bullet_point_text_2":"<p>THE SNOGO SMG REQUIRES THE SMG NECKLACE<\/p>","dbtfy_bullet_point_icon_2":"info","visibility_2":"product","dbtfy_bullet_point_collection_2":"","dbtfy_bullet_point_type_2":"","dbtfy_bullet_point_tag_2":"","dbtfy_bullet_point_product_2":"smg","dbtfy_bullet_point_text_3":"<p>Snogo straw sold separately<\/p>","dbtfy_bullet_point_icon_3":"info","visibility_3":"tag","dbtfy_bullet_point_collection_3":"","dbtfy_bullet_point_type_3":"","dbtfy_bullet_point_tag_3":"Snogo Necklace,","dbtfy_bullet_point_product_3":"","dbtfy_bullet_point_text_4":"","dbtfy_bullet_point_icon_4":"check_circle","visibility_4":"all","dbtfy_bullet_point_collection_4":"","dbtfy_bullet_point_type_4":"","dbtfy_bullet_point_tag_4":"","dbtfy_bullet_point_product_4":"","dbtfy_bullet_point_text_5":"","dbtfy_bullet_point_icon_5":"check_circle","visibility_5":"all","dbtfy_bullet_point_collection_5":"","dbtfy_bullet_point_type_5":"","dbtfy_bullet_point_tag_5":"","dbtfy_bullet_point_product_5":"","dbtfy_bullet_point_text_6":"","dbtfy_bullet_point_icon_6":"check_circle","visibility_6":"all","dbtfy_bullet_point_collection_6":"","dbtfy_bullet_point_type_6":"","dbtfy_bullet_point_tag_6":"","dbtfy_bullet_point_product_6":"","dbtfy_bullet_point_text_7":"","dbtfy_bullet_point_icon_7":"check_circle","visibility_7":"all","dbtfy_bullet_point_collection_7":"","dbtfy_bullet_point_type_7":"","dbtfy_bullet_point_tag_7":"","dbtfy_bullet_point_product_7":"","dbtfy_bullet_point_text_8":"","dbtfy_bullet_point_icon_8":"check_circle","visibility_8":"all","dbtfy_bullet_point_collection_8":"","dbtfy_bullet_point_type_8":"","dbtfy_bullet_point_tag_8":"","dbtfy_bullet_point_product_8":"","dbtfy_bullet_point_text_9":"","dbtfy_bullet_point_icon_9":"check_circle","visibility_9":"all","dbtfy_bullet_point_collection_9":"","dbtfy_bullet_point_type_9":"","dbtfy_bullet_point_tag_9":"","dbtfy_bullet_point_product_9":"","dbtfy_bullet_point_text_10":"","dbtfy_bullet_point_icon_10":"check_circle","visibility_10":"all","dbtfy_bullet_point_collection_10":"","dbtfy_bullet_point_type_10":"","dbtfy_bullet_point_tag_10":"","dbtfy_bullet_point_product_10":""}},"a3ac1867-911a-4939-bce0-b51901c7dd9e":{"type":"point","settings":{"title":"","dbtfy_bullet_point_text_1":"<p><em>*When worn as a pendant, the SNOGO Mojo hangs at a slight angle. The original SNOGO hangs perpendicularly. <\/em><span style=\"text-decoration:underline\"><em>Necklace sold separately.<\/em><\/span><\/p>","dbtfy_bullet_point_icon_1":"info","visibility_1":"product","dbtfy_bullet_point_collection_1":"","dbtfy_bullet_point_type_1":"","dbtfy_bullet_point_tag_1":"","dbtfy_bullet_point_product_1":"snogo-mojo","dbtfy_bullet_point_text_2":"","dbtfy_bullet_point_icon_2":"check_circle","visibility_2":"all","dbtfy_bullet_point_collection_2":"","dbtfy_bullet_point_type_2":"","dbtfy_bullet_point_tag_2":"","dbtfy_bullet_point_product_2":"","dbtfy_bullet_point_text_3":"","dbtfy_bullet_point_icon_3":"check_circle","visibility_3":"all","dbtfy_bullet_point_collection_3":"","dbtfy_bullet_point_type_3":"","dbtfy_bullet_point_tag_3":"","dbtfy_bullet_point_product_3":"","dbtfy_bullet_point_text_4":"","dbtfy_bullet_point_icon_4":"check_circle","visibility_4":"all","dbtfy_bullet_point_collection_4":"","dbtfy_bullet_point_type_4":"","dbtfy_bullet_point_tag_4":"","dbtfy_bullet_point_product_4":"","dbtfy_bullet_point_text_5":"","dbtfy_bullet_point_icon_5":"check_circle","visibility_5":"all","dbtfy_bullet_point_collection_5":"","dbtfy_bullet_point_type_5":"","dbtfy_bullet_point_tag_5":"","dbtfy_bullet_point_product_5":"","dbtfy_bullet_point_text_6":"","dbtfy_bullet_point_icon_6":"check_circle","visibility_6":"all","dbtfy_bullet_point_collection_6":"","dbtfy_bullet_point_type_6":"","dbtfy_bullet_point_tag_6":"","dbtfy_bullet_point_product_6":"","dbtfy_bullet_point_text_7":"","dbtfy_bullet_point_icon_7":"check_circle","visibility_7":"all","dbtfy_bullet_point_collection_7":"","dbtfy_bullet_point_type_7":"","dbtfy_bullet_point_tag_7":"","dbtfy_bullet_point_product_7":"","dbtfy_bullet_point_text_8":"","dbtfy_bullet_point_icon_8":"check_circle","visibility_8":"all","dbtfy_bullet_point_collection_8":"","dbtfy_bullet_point_type_8":"","dbtfy_bullet_point_tag_8":"","dbtfy_bullet_point_product_8":"","dbtfy_bullet_point_text_9":"","dbtfy_bullet_point_icon_9":"check_circle","visibility_9":"all","dbtfy_bullet_point_collection_9":"","dbtfy_bullet_point_type_9":"","dbtfy_bullet_point_tag_9":"","dbtfy_bullet_point_product_9":"","dbtfy_bullet_point_text_10":"","dbtfy_bullet_point_icon_10":"check_circle","visibility_10":"all","dbtfy_bullet_point_collection_10":"","dbtfy_bullet_point_type_10":"","dbtfy_bullet_point_tag_10":"","dbtfy_bullet_point_product_10":""}},"point_XgVaTk":{"type":"point","settings":{"title":"","dbtfy_bullet_point_text_1":"<p><strong>Always Complimentary, Now Offering 2-Day USA Shipping<\/strong><\/p>","dbtfy_bullet_point_icon_1":"airplanemode_active","visibility_1":"all","dbtfy_bullet_point_collection_1":"","dbtfy_bullet_point_type_1":"","dbtfy_bullet_point_tag_1":"","dbtfy_bullet_point_product_1":"","dbtfy_bullet_point_text_2":"","dbtfy_bullet_point_icon_2":"check_circle","visibility_2":"all","dbtfy_bullet_point_collection_2":"","dbtfy_bullet_point_type_2":"","dbtfy_bullet_point_tag_2":"","dbtfy_bullet_point_product_2":"","dbtfy_bullet_point_text_3":"","dbtfy_bullet_point_icon_3":"check_circle","visibility_3":"all","dbtfy_bullet_point_collection_3":"","dbtfy_bullet_point_type_3":"","dbtfy_bullet_point_tag_3":"","dbtfy_bullet_point_product_3":"","dbtfy_bullet_point_text_4":"","dbtfy_bullet_point_icon_4":"check_circle","visibility_4":"all","dbtfy_bullet_point_collection_4":"","dbtfy_bullet_point_type_4":"","dbtfy_bullet_point_tag_4":"","dbtfy_bullet_point_product_4":"","dbtfy_bullet_point_text_5":"","dbtfy_bullet_point_icon_5":"check_circle","visibility_5":"all","dbtfy_bullet_point_collection_5":"","dbtfy_bullet_point_type_5":"","dbtfy_bullet_point_tag_5":"","dbtfy_bullet_point_product_5":"","dbtfy_bullet_point_text_6":"","dbtfy_bullet_point_icon_6":"check_circle","visibility_6":"all","dbtfy_bullet_point_collection_6":"","dbtfy_bullet_point_type_6":"","dbtfy_bullet_point_tag_6":"","dbtfy_bullet_point_product_6":"","dbtfy_bullet_point_text_7":"","dbtfy_bullet_point_icon_7":"check_circle","visibility_7":"all","dbtfy_bullet_point_collection_7":"","dbtfy_bullet_point_type_7":"","dbtfy_bullet_point_tag_7":"","dbtfy_bullet_point_product_7":"","dbtfy_bullet_point_text_8":"","dbtfy_bullet_point_icon_8":"check_circle","visibility_8":"all","dbtfy_bullet_point_collection_8":"","dbtfy_bullet_point_type_8":"","dbtfy_bullet_point_tag_8":"","dbtfy_bullet_point_product_8":"","dbtfy_bullet_point_text_9":"","dbtfy_bullet_point_icon_9":"check_circle","visibility_9":"all","dbtfy_bullet_point_collection_9":"","dbtfy_bullet_point_type_9":"","dbtfy_bullet_point_tag_9":"","dbtfy_bullet_point_product_9":"","dbtfy_bullet_point_text_10":"","dbtfy_bullet_point_icon_10":"check_circle","visibility_10":"all","dbtfy_bullet_point_collection_10":"","dbtfy_bullet_point_type_10":"","dbtfy_bullet_point_tag_10":"","dbtfy_bullet_point_product_10":""}},"point_aEHQ3f":{"type":"point","settings":{"title":"","dbtfy_bullet_point_text_1":"<p>Price reflects your discount<\/p>","dbtfy_bullet_point_icon_1":"check_circle","visibility_1":"all","dbtfy_bullet_point_collection_1":"","dbtfy_bullet_point_type_1":"","dbtfy_bullet_point_tag_1":"","dbtfy_bullet_point_product_1":"","dbtfy_bullet_point_text_2":"","dbtfy_bullet_point_icon_2":"check_circle","visibility_2":"all","dbtfy_bullet_point_collection_2":"","dbtfy_bullet_point_type_2":"","dbtfy_bullet_point_tag_2":"","dbtfy_bullet_point_product_2":"","dbtfy_bullet_point_text_3":"","dbtfy_bullet_point_icon_3":"check_circle","visibility_3":"all","dbtfy_bullet_point_collection_3":"","dbtfy_bullet_point_type_3":"","dbtfy_bullet_point_tag_3":"","dbtfy_bullet_point_product_3":"","dbtfy_bullet_point_text_4":"","dbtfy_bullet_point_icon_4":"check_circle","visibility_4":"all","dbtfy_bullet_point_collection_4":"","dbtfy_bullet_point_type_4":"","dbtfy_bullet_point_tag_4":"","dbtfy_bullet_point_product_4":"","dbtfy_bullet_point_text_5":"","dbtfy_bullet_point_icon_5":"check_circle","visibility_5":"all","dbtfy_bullet_point_collection_5":"","dbtfy_bullet_point_type_5":"","dbtfy_bullet_point_tag_5":"","dbtfy_bullet_point_product_5":"","dbtfy_bullet_point_text_6":"","dbtfy_bullet_point_icon_6":"check_circle","visibility_6":"all","dbtfy_bullet_point_collection_6":"","dbtfy_bullet_point_type_6":"","dbtfy_bullet_point_tag_6":"","dbtfy_bullet_point_product_6":"","dbtfy_bullet_point_text_7":"","dbtfy_bullet_point_icon_7":"check_circle","visibility_7":"all","dbtfy_bullet_point_collection_7":"","dbtfy_bullet_point_type_7":"","dbtfy_bullet_point_tag_7":"","dbtfy_bullet_point_product_7":"","dbtfy_bullet_point_text_8":"","dbtfy_bullet_point_icon_8":"check_circle","visibility_8":"all","dbtfy_bullet_point_collection_8":"","dbtfy_bullet_point_type_8":"","dbtfy_bullet_point_tag_8":"","dbtfy_bullet_point_product_8":"","dbtfy_bullet_point_text_9":"","dbtfy_bullet_point_icon_9":"check_circle","visibility_9":"all","dbtfy_bullet_point_collection_9":"","dbtfy_bullet_point_type_9":"","dbtfy_bullet_point_tag_9":"","dbtfy_bullet_point_product_9":"","dbtfy_bullet_point_text_10":"","dbtfy_bullet_point_icon_10":"check_circle","visibility_10":"all","dbtfy_bullet_point_collection_10":"","dbtfy_bullet_point_type_10":"","dbtfy_bullet_point_tag_10":"","dbtfy_bullet_point_product_10":""}},"point_4p8bx3":{"type":"point","settings":{"title":"","dbtfy_bullet_point_text_1":"<p>New! Logo engraving<\/p>","dbtfy_bullet_point_icon_1":"branding_watermark","visibility_1":"product","dbtfy_bullet_point_collection_1":"","dbtfy_bullet_point_type_1":"","dbtfy_bullet_point_tag_1":"","dbtfy_bullet_point_product_1":"engraved-snogo","dbtfy_bullet_point_text_2":"","dbtfy_bullet_point_icon_2":"check_circle","visibility_2":"all","dbtfy_bullet_point_collection_2":"","dbtfy_bullet_point_type_2":"","dbtfy_bullet_point_tag_2":"","dbtfy_bullet_point_product_2":"","dbtfy_bullet_point_text_3":"","dbtfy_bullet_point_icon_3":"check_circle","visibility_3":"all","dbtfy_bullet_point_collection_3":"","dbtfy_bullet_point_type_3":"","dbtfy_bullet_point_tag_3":"","dbtfy_bullet_point_product_3":"","dbtfy_bullet_point_text_4":"","dbtfy_bullet_point_icon_4":"check_circle","visibility_4":"all","dbtfy_bullet_point_collection_4":"","dbtfy_bullet_point_type_4":"","dbtfy_bullet_point_tag_4":"","dbtfy_bullet_point_product_4":"","dbtfy_bullet_point_text_5":"","dbtfy_bullet_point_icon_5":"check_circle","visibility_5":"all","dbtfy_bullet_point_collection_5":"","dbtfy_bullet_point_type_5":"","dbtfy_bullet_point_tag_5":"","dbtfy_bullet_point_product_5":"","dbtfy_bullet_point_text_6":"","dbtfy_bullet_point_icon_6":"check_circle","visibility_6":"all","dbtfy_bullet_point_collection_6":"","dbtfy_bullet_point_type_6":"","dbtfy_bullet_point_tag_6":"","dbtfy_bullet_point_product_6":"","dbtfy_bullet_point_text_7":"","dbtfy_bullet_point_icon_7":"check_circle","visibility_7":"all","dbtfy_bullet_point_collection_7":"","dbtfy_bullet_point_type_7":"","dbtfy_bullet_point_tag_7":"","dbtfy_bullet_point_product_7":"","dbtfy_bullet_point_text_8":"","dbtfy_bullet_point_icon_8":"check_circle","visibility_8":"all","dbtfy_bullet_point_collection_8":"","dbtfy_bullet_point_type_8":"","dbtfy_bullet_point_tag_8":"","dbtfy_bullet_point_product_8":"","dbtfy_bullet_point_text_9":"","dbtfy_bullet_point_icon_9":"check_circle","visibility_9":"all","dbtfy_bullet_point_collection_9":"","dbtfy_bullet_point_type_9":"","dbtfy_bullet_point_tag_9":"","dbtfy_bullet_point_product_9":"","dbtfy_bullet_point_text_10":"","dbtfy_bullet_point_icon_10":"check_circle","visibility_10":"all","dbtfy_bullet_point_collection_10":"","dbtfy_bullet_point_type_10":"","dbtfy_bullet_point_tag_10":"","dbtfy_bullet_point_product_10":""}},"point_Hw7QJj":{"type":"point","settings":{"title":"","dbtfy_bullet_point_text_1":"<p>$40 Off Retail!<\/p>","dbtfy_bullet_point_icon_1":"savings","visibility_1":"product","dbtfy_bullet_point_collection_1":"","dbtfy_bullet_point_type_1":"","dbtfy_bullet_point_tag_1":"","dbtfy_bullet_point_product_1":"party-pack-essentials-bundle-with-snogo-straw-toothpick-keychain-brush","dbtfy_bullet_point_text_2":"","dbtfy_bullet_point_icon_2":"check_circle","visibility_2":"all","dbtfy_bullet_point_collection_2":"","dbtfy_bullet_point_type_2":"","dbtfy_bullet_point_tag_2":"","dbtfy_bullet_point_product_2":"","dbtfy_bullet_point_text_3":"","dbtfy_bullet_point_icon_3":"check_circle","visibility_3":"all","dbtfy_bullet_point_collection_3":"","dbtfy_bullet_point_type_3":"","dbtfy_bullet_point_tag_3":"","dbtfy_bullet_point_product_3":"","dbtfy_bullet_point_text_4":"","dbtfy_bullet_point_icon_4":"check_circle","visibility_4":"all","dbtfy_bullet_point_collection_4":"","dbtfy_bullet_point_type_4":"","dbtfy_bullet_point_tag_4":"","dbtfy_bullet_point_product_4":"","dbtfy_bullet_point_text_5":"","dbtfy_bullet_point_icon_5":"check_circle","visibility_5":"all","dbtfy_bullet_point_collection_5":"","dbtfy_bullet_point_type_5":"","dbtfy_bullet_point_tag_5":"","dbtfy_bullet_point_product_5":"","dbtfy_bullet_point_text_6":"","dbtfy_bullet_point_icon_6":"check_circle","visibility_6":"all","dbtfy_bullet_point_collection_6":"","dbtfy_bullet_point_type_6":"","dbtfy_bullet_point_tag_6":"","dbtfy_bullet_point_product_6":"","dbtfy_bullet_point_text_7":"","dbtfy_bullet_point_icon_7":"check_circle","visibility_7":"all","dbtfy_bullet_point_collection_7":"","dbtfy_bullet_point_type_7":"","dbtfy_bullet_point_tag_7":"","dbtfy_bullet_point_product_7":"","dbtfy_bullet_point_text_8":"","dbtfy_bullet_point_icon_8":"check_circle","visibility_8":"all","dbtfy_bullet_point_collection_8":"","dbtfy_bullet_point_type_8":"","dbtfy_bullet_point_tag_8":"","dbtfy_bullet_point_product_8":"","dbtfy_bullet_point_text_9":"","dbtfy_bullet_point_icon_9":"check_circle","visibility_9":"all","dbtfy_bullet_point_collection_9":"","dbtfy_bullet_point_type_9":"","dbtfy_bullet_point_tag_9":"","dbtfy_bullet_point_product_9":"","dbtfy_bullet_point_text_10":"","dbtfy_bullet_point_icon_10":"check_circle","visibility_10":"all","dbtfy_bullet_point_collection_10":"","dbtfy_bullet_point_type_10":"","dbtfy_bullet_point_tag_10":"","dbtfy_bullet_point_product_10":""}}},"block_order":["fb02b614-a675-46c5-9441-346a4569d1d1","a3ac1867-911a-4939-bce0-b51901c7dd9e","point_XgVaTk","point_aEHQ3f","point_4p8bx3","point_Hw7QJj"],"settings":{"dbtfy_bullet_points_position":"under-product-price","dbtfy_bullet_points_alignment":"left","dbtfy_bullet_points_display_type":"newline"}},"dbtfy-cart-goal":{"type":"dbtfy-cart-goal","blocks":{"goal_YReFNW":{"type":"goal","settings":{"title":"","dbtfy_cart_goal_region_1":"USA","dbtfy_cart_goal_amount_1":"2000","dbtfy_cart_goal_region_2":"","dbtfy_cart_goal_amount_2":"70","dbtfy_cart_goal_region_3":"","dbtfy_cart_goal_amount_3":"70","dbtfy_cart_goal_region_4":"","dbtfy_cart_goal_amount_4":"70","dbtfy_cart_goal_region_5":"","dbtfy_cart_goal_amount_5":"70","dbtfy_cart_goal_region_6":"","dbtfy_cart_goal_amount_6":"70","dbtfy_cart_goal_region_7":"","dbtfy_cart_goal_amount_7":"70","dbtfy_cart_goal_region_8":"","dbtfy_cart_goal_amount_8":"70","dbtfy_cart_goal_region_9":"","dbtfy_cart_goal_amount_9":"70","dbtfy_cart_goal_region_10":"","dbtfy_cart_goal_amount_10":"70"}}},"block_order":["goal_YReFNW"],"settings":{"dbtfy_cart_goal_before_text":"Order minimum of 10 straws","dbtfy_cart_goal_amount":"","dbtfy_cart_goal_after_text":"needed","dbtfy_cart_goal_reached_text":"You are eligible for complimentary shipping","dbtfy_cart_goal_icons":"local_shipping"}},"dbtfy-cart-upsell":{"type":"dbtfy-cart-upsell","blocks":{"fd055222-1d6a-4e10-b986-29b2a834d005":{"type":"cart-item-upsell","disabled":true,"settings":{"title":"Snogos\/Incognito\/SMG with Necklaces","specific_upsell_replace_item_1":"add","specific_upsell_title_1":"Pairs well with:","specific_upsell_product_trigger_1":"snogo-straw","specific_upsell_product_offer_1":"snogo-necklace","specific_upsell_btn_title_1":"Add to Cart","specific_upsell_replace_item_2":"add","specific_upsell_title_2":"Pairs well with:","specific_upsell_product_trigger_2":"incognito-straw","specific_upsell_product_offer_2":"snogo-necklace","specific_upsell_btn_title_2":"Add to Cart","specific_upsell_replace_item_3":"add","specific_upsell_title_3":"You might also like:","specific_upsell_product_trigger_3":"smg","specific_upsell_product_offer_3":"smg-necklace","specific_upsell_btn_title_3":"Add to Cart","specific_upsell_replace_item_4":"add","specific_upsell_title_4":"Pairs well with:","specific_upsell_product_trigger_4":"","specific_upsell_product_offer_4":"","specific_upsell_btn_title_4":"Add to Cart","specific_upsell_replace_item_5":"add","specific_upsell_title_5":"You might also like:","specific_upsell_product_trigger_5":"","specific_upsell_product_offer_5":"","specific_upsell_btn_title_5":"Add to Cart","specific_upsell_replace_item_6":"add","specific_upsell_title_6":"You might also like:","specific_upsell_product_trigger_6":"","specific_upsell_product_offer_6":"","specific_upsell_btn_title_6":"Add to Cart","specific_upsell_replace_item_7":"add","specific_upsell_title_7":"You might also like:","specific_upsell_product_trigger_7":"","specific_upsell_product_offer_7":"","specific_upsell_btn_title_7":"Add to Cart","specific_upsell_replace_item_8":"add","specific_upsell_title_8":"You might also like:","specific_upsell_product_trigger_8":"","specific_upsell_product_offer_8":"","specific_upsell_btn_title_8":"Add to Cart","specific_upsell_replace_item_9":"add","specific_upsell_title_9":"You might also like:","specific_upsell_product_trigger_9":"","specific_upsell_product_offer_9":"","specific_upsell_btn_title_9":"","specific_upsell_replace_item_10":"add","specific_upsell_title_10":"You might also like:","specific_upsell_product_trigger_10":"","specific_upsell_product_offer_10":"","specific_upsell_btn_title_10":""}},"cart_item_upsell_KYmhGK":{"type":"cart-item-upsell","disabled":true,"settings":{"title":"Add Text only or upgrade to a Logo","specific_upsell_replace_item_1":"add","specific_upsell_title_1":"Select Text only or upgrade to a Logo after approval","specific_upsell_product_trigger_1":"engraved-snogo","specific_upsell_product_offer_1":"engraving-type","specific_upsell_btn_title_1":"Select Option","specific_upsell_replace_item_2":"add","specific_upsell_title_2":"","specific_upsell_product_trigger_2":"","specific_upsell_product_offer_2":"","specific_upsell_btn_title_2":"","specific_upsell_replace_item_3":"add","specific_upsell_title_3":"You might also like:","specific_upsell_product_trigger_3":"","specific_upsell_product_offer_3":"","specific_upsell_btn_title_3":"","specific_upsell_replace_item_4":"add","specific_upsell_title_4":"You might also like:","specific_upsell_product_trigger_4":"","specific_upsell_product_offer_4":"","specific_upsell_btn_title_4":"","specific_upsell_replace_item_5":"add","specific_upsell_title_5":"You might also like:","specific_upsell_product_trigger_5":"","specific_upsell_product_offer_5":"","specific_upsell_btn_title_5":"","specific_upsell_replace_item_6":"add","specific_upsell_title_6":"You might also like:","specific_upsell_product_trigger_6":"","specific_upsell_product_offer_6":"","specific_upsell_btn_title_6":"","specific_upsell_replace_item_7":"add","specific_upsell_title_7":"You might also like:","specific_upsell_product_trigger_7":"","specific_upsell_product_offer_7":"","specific_upsell_btn_title_7":"","specific_upsell_replace_item_8":"add","specific_upsell_title_8":"You might also like:","specific_upsell_product_trigger_8":"","specific_upsell_product_offer_8":"","specific_upsell_btn_title_8":"","specific_upsell_replace_item_9":"add","specific_upsell_title_9":"You might also like:","specific_upsell_product_trigger_9":"","specific_upsell_product_offer_9":"","specific_upsell_btn_title_9":"","specific_upsell_replace_item_10":"add","specific_upsell_title_10":"You might also like:","specific_upsell_product_trigger_10":"","specific_upsell_product_offer_10":"","specific_upsell_btn_title_10":""}}},"block_order":["fd055222-1d6a-4e10-b986-29b2a834d005","cart_item_upsell_KYmhGK"],"settings":{"dbtfy_cart_upsell_button_style":"btn--primary"}},"dbtfy-color-swatches":{"type":"dbtfy-color-swatches","blocks":{"997b87e8-3768-4870-ae33-d5d41a346a8a":{"type":"swatch","settings":{"heading":"Merch Colors","title_1":"Pink","dbtfy_swatches_color_value_1":"#ffc0cb","dbtfy_swatches_image_1":"shopify:\/\/shop_images\/SNOGO_FAV_2020.png","title_2":"Black","dbtfy_swatches_color_value_2":"#696969","dbtfy_swatches_image_2":"shopify:\/\/shop_images\/SNOGO_FAV_2020.png","title_3":"White","dbtfy_swatches_color_value_3":"#ffffff","dbtfy_swatches_image_3":"shopify:\/\/shop_images\/SNOGO_FAV_2020.png","title_4":"Brown","dbtfy_swatches_color_value_4":"#964b00","title_5":"","dbtfy_swatches_color_value_5":"","title_6":"","dbtfy_swatches_color_value_6":"","title_7":"","dbtfy_swatches_color_value_7":"","title_8":"","dbtfy_swatches_color_value_8":"","title_9":"","dbtfy_swatches_color_value_9":"","title_10":"","dbtfy_swatches_color_value_10":""}},"f4c9552f-e521-499b-a16c-620ea30f7636":{"type":"swatch","settings":{"heading":"Finishes","title_1":"Silver","dbtfy_swatches_color_value_1":"#c0c0c0","dbtfy_swatches_image_1":"shopify:\/\/shop_images\/SNOGO_FAV_2020.png","title_2":"Nitride","dbtfy_swatches_color_value_2":"#a28f7b","dbtfy_swatches_image_2":"shopify:\/\/shop_images\/SNOGO_FAV_2020.png","title_3":"Gold","dbtfy_swatches_color_value_3":"#ffd700","dbtfy_swatches_image_3":"shopify:\/\/shop_images\/SNOGO_FAV_2020.png","title_4":"Burgundy","dbtfy_swatches_color_value_4":"#764640","dbtfy_swatches_image_4":"shopify:\/\/shop_images\/SNOGO_FAV_2020.png","title_5":"Rose Gold","dbtfy_swatches_color_value_5":"#b76e79","dbtfy_swatches_image_5":"shopify:\/\/shop_images\/SNOGO_FAV_2020.png","title_6":"Silver-Silver-Silver","dbtfy_swatches_color_value_6":"#c0c0c0","dbtfy_swatches_image_6":"shopify:\/\/shop_images\/SNOGO_FAV_2020.png","title_7":"Nitride-Nitride-Nitride","dbtfy_swatches_color_value_7":"#a28f7b","dbtfy_swatches_image_7":"shopify:\/\/shop_images\/SNOGO_FAV_2020.png","title_8":"","dbtfy_swatches_color_value_8":"rgba(0,0,0,0)","title_9":"","dbtfy_swatches_color_value_9":"","title_10":"","dbtfy_swatches_color_value_10":""}}},"block_order":["997b87e8-3768-4870-ae33-d5d41a346a8a","f4c9552f-e521-499b-a16c-620ea30f7636"],"settings":{}},"dbtfy-customizable-products":{"type":"dbtfy-customizable-products","blocks":{"a2fcd28b-200b-4b46-9169-46aed0ea79b5":{"type":"group","settings":{"title":"Necklace","label":"Necklace","options":"Thick Gold, Thin Gold, Thick Silver, Thin Silver, Thick Nitride, Thin Nitride,","group_type":"dropdown","show_at_checkout":true,"visibility":"product","collection":"","types":"","tags":"","product":"snogo-carbon"}},"3e7444ec-57f2-485d-b599-3c903e17dbed":{"type":"text","disabled":true,"settings":{"title":"Custom Engraving Text or Logo file name","label":"Engraving Text or Logo file name","placeholder":"Up to 10 characters (Incognito) 14 for Snogos, most file formats being accetable","field_required":true,"show_at_checkout":true,"visibility":"product","collection":"","types":"","tags":"","product":"engraved-snogo"}},"group_WQnwT8":{"type":"group","disabled":true,"settings":{"title":"Fonts","label":"Fonts","options":"Not applicable, Myriad Pro, Lucida Calligraphy, Palace Script, Luminari, Krungthep, Brandon Grotesque,","group_type":"dropdown","show_at_checkout":true,"visibility":"product","collection":"","types":"","tags":"","product":"engraved-snogo"}},"text_jAtkLy":{"type":"text","settings":{"title":"Fields","label":"Custom field","placeholder":"Up to 30 characters, Font Centered, Font sized to fit area,","field_required":true,"show_at_checkout":true,"visibility":"product","collection":"","types":"","tags":"","product":"custom-business-cards"}}},"block_order":["a2fcd28b-200b-4b46-9169-46aed0ea79b5","3e7444ec-57f2-485d-b599-3c903e17dbed","group_WQnwT8","text_jAtkLy"],"settings":{}},"dbtfy-delivery-time":{"type":"dbtfy-delivery-time","blocks":{"delivery_time_JNcKP4":{"type":"delivery_time","settings":{"title":"","dbtfy_delivery_time_icon_1":"thumb_up_alt","dbtfy_delivery_time_prefix_1":"Orders typically shipped out within","dbtfy_delivery_time_separator_1":"-","dbtfy_delivery_time_suffix_1":"days","dbtfy_delivery_time_date_1":false,"dbtfy_delivery_time_format_1":"%b %d","dbtfy_delivery_time_from_1":1,"dbtfy_delivery_time_to_1":2,"dbtfy_delivery_time_exclude_days_1":"SAT, SUN","dbtfy_delivery_time_cut_off_1":false,"dbtfy_delivery_time_cut_off_time_1":"16:00:00","dbtfy_delivery_time_cut_off_message_1":"Order within","visibility_1":"all","collection_1":"","type_1":"","tag_1":"","product_1":"","dbtfy_delivery_time_icon_2":"local_shipping","dbtfy_delivery_time_prefix_2":"Buy now to receive in","dbtfy_delivery_time_separator_2":"-","dbtfy_delivery_time_suffix_2":"days","dbtfy_delivery_time_date_2":false,"dbtfy_delivery_time_format_2":"%b %d","dbtfy_delivery_time_from_2":7,"dbtfy_delivery_time_to_2":14,"dbtfy_delivery_time_exclude_days_2":"SAT, SUN","dbtfy_delivery_time_cut_off_2":false,"dbtfy_delivery_time_cut_off_time_2":"16:00:00","dbtfy_delivery_time_cut_off_message_2":"Order within","visibility_2":"all","collection_2":"","type_2":"","tag_2":"","product_2":"","dbtfy_delivery_time_icon_3":"local_shipping","dbtfy_delivery_time_prefix_3":"Buy now to receive in","dbtfy_delivery_time_separator_3":"-","dbtfy_delivery_time_suffix_3":"days","dbtfy_delivery_time_date_3":false,"dbtfy_delivery_time_format_3":"%b %d","dbtfy_delivery_time_from_3":7,"dbtfy_delivery_time_to_3":14,"dbtfy_delivery_time_exclude_days_3":"SAT, SUN","dbtfy_delivery_time_cut_off_3":false,"dbtfy_delivery_time_cut_off_time_3":"16:00:00","dbtfy_delivery_time_cut_off_message_3":"Order within","visibility_3":"all","collection_3":"","type_3":"","tag_3":"","product_3":"","dbtfy_delivery_time_icon_4":"local_shipping","dbtfy_delivery_time_prefix_4":"Buy now to receive in","dbtfy_delivery_time_separator_4":"-","dbtfy_delivery_time_suffix_4":"days","dbtfy_delivery_time_date_4":false,"dbtfy_delivery_time_format_4":"%b %d","dbtfy_delivery_time_from_4":7,"dbtfy_delivery_time_to_4":14,"dbtfy_delivery_time_exclude_days_4":"SAT, SUN","dbtfy_delivery_time_cut_off_4":false,"dbtfy_delivery_time_cut_off_time_4":"16:00:00","dbtfy_delivery_time_cut_off_message_4":"Order within","visibility_4":"all","collection_4":"","type_4":"","tag_4":"","product_4":"","dbtfy_delivery_time_icon_5":"local_shipping","dbtfy_delivery_time_prefix_5":"Buy now to receive in","dbtfy_delivery_time_separator_5":"-","dbtfy_delivery_time_suffix_5":"days","dbtfy_delivery_time_date_5":false,"dbtfy_delivery_time_format_5":"%b %d","dbtfy_delivery_time_from_5":7,"dbtfy_delivery_time_to_5":14,"dbtfy_delivery_time_exclude_days_5":"SAT, SUN","dbtfy_delivery_time_cut_off_5":false,"dbtfy_delivery_time_cut_off_time_5":"16:00:00","dbtfy_delivery_time_cut_off_message_5":"Order within","visibility_5":"all","collection_5":"","type_5":"","tag_5":"","product_5":"","dbtfy_delivery_time_icon_6":"local_shipping","dbtfy_delivery_time_prefix_6":"Buy now to receive in","dbtfy_delivery_time_separator_6":"-","dbtfy_delivery_time_suffix_6":"days","dbtfy_delivery_time_date_6":false,"dbtfy_delivery_time_format_6":"%b %d","dbtfy_delivery_time_from_6":7,"dbtfy_delivery_time_to_6":14,"dbtfy_delivery_time_exclude_days_6":"SAT, SUN","dbtfy_delivery_time_cut_off_6":false,"dbtfy_delivery_time_cut_off_time_6":"16:00:00","dbtfy_delivery_time_cut_off_message_6":"Order within","visibility_6":"all","collection_6":"","type_6":"","tag_6":"","product_6":"","dbtfy_delivery_time_icon_7":"local_shipping","dbtfy_delivery_time_prefix_7":"Buy now to receive in","dbtfy_delivery_time_separator_7":"-","dbtfy_delivery_time_suffix_7":"days","dbtfy_delivery_time_date_7":false,"dbtfy_delivery_time_format_7":"%b %d","dbtfy_delivery_time_from_7":7,"dbtfy_delivery_time_to_7":14,"dbtfy_delivery_time_exclude_days_7":"SAT, SUN","dbtfy_delivery_time_cut_off_7":false,"dbtfy_delivery_time_cut_off_time_7":"16:00:00","dbtfy_delivery_time_cut_off_message_7":"Order within","visibility_7":"all","collection_7":"","type_7":"","tag_7":"","product_7":"","dbtfy_delivery_time_icon_8":"local_shipping","dbtfy_delivery_time_prefix_8":"Buy now to receive in","dbtfy_delivery_time_separator_8":"-","dbtfy_delivery_time_suffix_8":"days","dbtfy_delivery_time_date_8":false,"dbtfy_delivery_time_format_8":"%b %d","dbtfy_delivery_time_from_8":7,"dbtfy_delivery_time_to_8":14,"dbtfy_delivery_time_exclude_days_8":"SAT, SUN","dbtfy_delivery_time_cut_off_8":false,"dbtfy_delivery_time_cut_off_time_8":"16:00:00","dbtfy_delivery_time_cut_off_message_8":"Order within","visibility_8":"all","collection_8":"","type_8":"","tag_8":"","product_8":"","dbtfy_delivery_time_icon_9":"local_shipping","dbtfy_delivery_time_prefix_9":"Buy now to receive in","dbtfy_delivery_time_separator_9":"-","dbtfy_delivery_time_suffix_9":"days","dbtfy_delivery_time_date_9":false,"dbtfy_delivery_time_format_9":"%b %d","dbtfy_delivery_time_from_9":7,"dbtfy_delivery_time_to_9":14,"dbtfy_delivery_time_exclude_days_9":"SAT, SUN","dbtfy_delivery_time_cut_off_9":false,"dbtfy_delivery_time_cut_off_time_9":"16:00:00","dbtfy_delivery_time_cut_off_message_9":"Order within","visibility_9":"all","collection_9":"","type_9":"","tag_9":"","product_9":"","dbtfy_delivery_time_icon_10":"local_shipping","dbtfy_delivery_time_prefix_10":"Buy now to receive in","dbtfy_delivery_time_separator_10":"-","dbtfy_delivery_time_suffix_10":"days","dbtfy_delivery_time_date_10":false,"dbtfy_delivery_time_format_10":"%b %d","dbtfy_delivery_time_from_10":7,"dbtfy_delivery_time_to_10":14,"dbtfy_delivery_time_exclude_days_10":"SAT, SUN","dbtfy_delivery_time_cut_off_10":false,"dbtfy_delivery_time_cut_off_time_10":"16:00:00","dbtfy_delivery_time_cut_off_message_10":"Order within","visibility_10":"all","collection_10":"","type_10":"","tag_10":"","product_10":""}}},"block_order":["delivery_time_JNcKP4"],"settings":{"dbtfy_delivery_time_position":"under-addtocart-button"}},"dbtfy-product-tabs":{"type":"dbtfy-product-tabs","blocks":{"441a10b0-7408-4cae-ab72-9befb51d18fe":{"type":"text","settings":{"title":"","dbtfy_product_tabs_open":false,"text_alignment":"","dbtfy_product_tabs_icons":"","dbtfy_product_tabs_title":"DETAILS","dbtfy_product_tabs_text":"<ul><li>THE SNOGO SMG REQUIRES THE SMG NECKLACE <\/li><li>Choose your outer tube color, dial color, and inner tube color. <\/li><li>3-in-1 bump straw, applicator, and scoop<\/li><li>3 inches in length- Same length as regular Snogo<\/li><li>3 notch does-setting dial<\/li><li>Small, medium and grande dose options<\/li><li>Pairs with SMG necklace; does not work with original Snogo necklace<\/li><li>DNX spring for smooth, whisper quiet recoil<\/li><li>Notched nasal piece for Snogo orientation in darker atmospheres<\/li><li>Triple mirror polish on all surfaces for frictionless action<\/li><li>Seven hole carb to facilitate optimal air flow<\/li><li>Medical-grade, corrosion free 316 stainless steel interior core<\/li><li>304 stainless steel outer shell<\/li><\/ul>","dbtfy_product_tabs_image_link":"","dbtfy_product_tabs_html":"","visibility":"product","dbtfy_product_tabs_collection":"","dbtfy_product_tabs_type":"","dbtfy_product_tabs_tag":"","dbtfy_product_tabs_product":"smg"}},"0aecb8d5-2aec-4311-bc88-c3edd76b9e54":{"type":"text","settings":{"title":"","dbtfy_product_tabs_open":false,"text_alignment":"text-center","dbtfy_product_tabs_icons":"","dbtfy_product_tabs_title":"DESIGN","dbtfy_product_tabs_text":"<p>THE SMG REQUIRES THE SMG NECKLACE<\/p>","dbtfy_product_tabs_image":"shopify:\/\/shop_images\/Copy_of_Copy_of_Snogo_Brand_Refresh_-_Anatomy_1.png","dbtfy_product_tabs_image_link":"","dbtfy_product_tabs_html":"","visibility":"product","dbtfy_product_tabs_collection":"","dbtfy_product_tabs_type":"","dbtfy_product_tabs_tag":"","dbtfy_product_tabs_product":"smg"}},"19cd626d-32d3-47ad-bdc7-4aec9a8f3ccc":{"type":"text","settings":{"title":"Snogo Necklace","dbtfy_product_tabs_open":false,"text_alignment":"","dbtfy_product_tabs_icons":"","dbtfy_product_tabs_title":"Details","dbtfy_product_tabs_text":"<ul><li>SNOGO NECKLACES. A PERFECT COMPLIMENT TO YOUR SNOGO OR INCOGNITO BUMP STRAW.<\/li><li>Make all the right impressions and stay ultra discreet by wearing your Snogo as an elegant pendant.<\/li><li>Beautifully designed, subtle, and sleek, the Snogo Gold Gloss necklace is a perfect compliment to your Snogo bump straw.<\/li><li>Your Snogo or Incognito bump straw will fit perfectly into this beautifully designed, subtle, and sleek pendant necklace for a flawless compliment in functional jewelry. <\/li><li>Snogo necklaces are uni-sex, 15\" long, Come in Silver, Nitride, Burgundy, and Gold finish. and comes in two chain gauges, 1mm and .5mm.<\/li><li><em>*Snogo and Incognito sold separately.<\/em><\/li><\/ul>","dbtfy_product_tabs_image_link":"","dbtfy_product_tabs_html":"","visibility":"product","dbtfy_product_tabs_collection":"","dbtfy_product_tabs_type":"","dbtfy_product_tabs_tag":"","dbtfy_product_tabs_product":"snogo-necklace"}},"49f86fb8-f349-42d5-99ea-609724a864a8":{"type":"text","settings":{"title":"SMG Necklace Size","dbtfy_product_tabs_open":false,"text_alignment":"text-center","dbtfy_product_tabs_icons":"","dbtfy_product_tabs_title":"Measurements","dbtfy_product_tabs_text":"","dbtfy_product_tabs_image":"shopify:\/\/shop_images\/Silver.jpg","dbtfy_product_tabs_image_link":"","dbtfy_product_tabs_html":"","visibility":"product","dbtfy_product_tabs_collection":"","dbtfy_product_tabs_type":"","dbtfy_product_tabs_tag":"","dbtfy_product_tabs_product":"smg-necklace"}},"aac8c379-eb66-4543-8d12-dcb29a30f87b":{"type":"text","settings":{"title":"SMG Sizes","dbtfy_product_tabs_open":false,"text_alignment":"text-center","dbtfy_product_tabs_icons":"","dbtfy_product_tabs_title":"DOSAGE SIZES","dbtfy_product_tabs_text":"","dbtfy_product_tabs_image":"shopify:\/\/shop_images\/Copy_of_Copy_of_Snogo_Brand_Refresh_-_Anatomy_3.png","dbtfy_product_tabs_image_link":"","dbtfy_product_tabs_html":"<body>\n\n\n    <style>\n        table {\n            border-collapse: collapse;\n            width: 100%;\n        }\n        th, td {\n            border: 1px solid black;\n            text-align: center;\n            padding: 8px;\n            background-color: #2c3e50;\n            color: white;\n        }\n        th {\n            background-color: #34495e;\n        }\n    <\/style>\n\n\n\n<table>\n    <tr>\n        <th>Straw<\/th>\n        <th>Overall Length<\/th>\n        <th>Overall Width<\/th>\n        <th>Overall Dimensions<\/th>\n        <th>Innertube Length<\/th>\n        <th>Innertube Width<\/th>\n        <th>Weight in Gram\/Oz<\/th>\n        <th>Scoop Size<\/th>\n        <th>Material<\/th>\n    <\/tr>\n    <tr>\n        <td>SMG<\/td>\n        <td>86 mm<\/td>\n        <td>12.6 mm<\/td>\n        <td>86 mm * 12.6 mm<\/td>\n        <td>85.8 mm<\/td>\n        <td>3.28 mm<\/td>\n        <td>23 g<\/td>\n        <td>8\/10\/12 mm<\/td>\n        <td>Stainless Steel 304\/316<\/td>\n    <\/tr>\n<\/table>\n\n\n<\/body>","visibility":"product","dbtfy_product_tabs_collection":"","dbtfy_product_tabs_type":"","dbtfy_product_tabs_tag":"","dbtfy_product_tabs_product":"smg"}},"5bfe094d-c10e-421d-8a71-b26b57844522":{"type":"text","settings":{"title":"","dbtfy_product_tabs_open":false,"text_alignment":"text-center","dbtfy_product_tabs_icons":"","dbtfy_product_tabs_title":"Details","dbtfy_product_tabs_text":"<ul><li>Carbon fiber wrap<\/li><li>3-in-1 bump straw, applicator, and scoop<\/li><li>Low profile and incognito for use in any environment<\/li><li>3 inches in length by a slim .3 inches in diameter<\/li><li>DNX spring for smooth, whisper quiet recoil <\/li><li>Notched nasal piece for Snogo orientation in darker atmospheres<\/li><li>Triple mirror polish on all surfaces for frictionless action<\/li><li>Seven hole carb to facilitate optimal air flow<\/li><li>Medical-grade, corrosion free 316 stainless steel interior core<\/li><li>304 stainless steel outer shell<\/li><\/ul>","dbtfy_product_tabs_image_link":"","dbtfy_product_tabs_html":"","visibility":"product","dbtfy_product_tabs_collection":"","dbtfy_product_tabs_type":"","dbtfy_product_tabs_tag":"","dbtfy_product_tabs_product":"snogo-carbon"}},"1b3a1a45-8553-456f-8298-8ae1183c0c31":{"type":"text","settings":{"title":"","dbtfy_product_tabs_open":false,"text_alignment":"text-center","dbtfy_product_tabs_icons":"","dbtfy_product_tabs_title":"THE CHIC Limited Run","dbtfy_product_tabs_text":"","dbtfy_product_tabs_image_link":"","dbtfy_product_tabs_html":"<table class=\"c21\"><tbody>\n<tr class=\"c3\">\n<td class=\"c0\" colspan=\"1\" rowspan=\"1\"><p class=\"c1\"><span class=\"c5\">Model\/Size<\/span><\/p><\/td>\n<td class=\"c0\" colspan=\"1\" rowspan=\"1\"><p class=\"c1\"><span class=\"c5\">Finish<\/span><\/p><\/td>\n<td class=\"c0\" colspan=\"1\" rowspan=\"1\"><p class=\"c1\"><span class=\"c5\"># Produced<\/span><\/p><\/td>\n<td class=\"c0\" colspan=\"1\" rowspan=\"1\"><p class=\"c1\"><span class=\"c5\">Price<\/span><\/p><\/td>\n<\/tr>\n<tr class=\"c3\">\n<td class=\"c0\" colspan=\"1\" rowspan=\"1\"><p class=\"c1\"><span class=\"c2\">3” SNOGO<\/span><\/p><\/td>\n<td class=\"c0\" colspan=\"1\" rowspan=\"1\"><p class=\"c1\"><span class=\"c2\">Gold<\/span><\/p><\/td>\n<td class=\"c0\" colspan=\"1\" rowspan=\"1\"><p class=\"c1\"><span class=\"c2\">18<\/span><\/p><\/td>\n<td class=\"c0\" colspan=\"1\" rowspan=\"1\"><p class=\"c1\"><span class=\"c2\">$600<\/span><\/p><\/td>\n<\/tr>\n<tr class=\"c3\">\n<td class=\"c0\" colspan=\"1\" rowspan=\"1\"><p class=\"c1\"><span class=\"c2\">3” SNOGO<\/span><\/p><\/td>\n<td class=\"c0\" colspan=\"1\" rowspan=\"1\"><p class=\"c1\"><span class=\"c2\">Nitride<\/span><\/p><\/td>\n<td class=\"c0\" colspan=\"1\" rowspan=\"1\"><p class=\"c1\"><span class=\"c2\">9<\/span><\/p><\/td>\n<td class=\"c0\" colspan=\"1\" rowspan=\"1\"><p class=\"c1\"><span class=\"c12 c20\">$550<\/span><\/p><\/td>\n<\/tr>\n<tr class=\"c3\">\n<td class=\"c0\" colspan=\"1\" rowspan=\"1\"><p class=\"c1\"><span class=\"c2\">1.5” INCOGNITO<\/span><\/p><\/td>\n<td class=\"c0\" colspan=\"1\" rowspan=\"1\"><p class=\"c1\"><span class=\"c2\">Silver<\/span><\/p><\/td>\n<td class=\"c0\" colspan=\"1\" rowspan=\"1\"><p class=\"c1\"><span class=\"c2\">18<\/span><\/p><\/td>\n<td class=\"c0\" colspan=\"1\" rowspan=\"1\"><p class=\"c1\"><span class=\"c2\">$500<\/span><\/p><\/td>\n<\/tr>\n<tr class=\"c8\">\n<td class=\"c18\" colspan=\"2\" rowspan=\"1\"><p class=\"c13\"><span class=\"c5\">TOTAL UNITS PRODUCED<\/span><\/p><\/td>\n<td class=\"c0\" colspan=\"1\" rowspan=\"1\"><p class=\"c1\"><span class=\"c5\">45<\/span><\/p><\/td>\n<td class=\"c0\" colspan=\"1\" rowspan=\"1\"><p class=\"c11 c15\"><span class=\"c2\"><\/span><\/p><\/td>\n<\/tr>\n<\/tbody><\/table>","visibility":"product","dbtfy_product_tabs_collection":"","dbtfy_product_tabs_type":"","dbtfy_product_tabs_tag":"","dbtfy_product_tabs_product":"snogo-carbon"}},"e0a07cc2-2bcc-4d8d-b670-4b4e55424351":{"type":"text","settings":{"title":"Incognito details","dbtfy_product_tabs_open":false,"text_alignment":"","dbtfy_product_tabs_icons":"","dbtfy_product_tabs_title":"Details","dbtfy_product_tabs_text":"<ul><li>1.5 inches in length by a slim 0.3 inches in diameter <\/li><li>3-in-1 bump straw, applicator, and scoop<\/li><li>Low profile and incognito for use in any environment<\/li><li>DNX spring for smooth, whisper quiet recoil <\/li><li>Notched nasal piece for Snogo orientation in darker atmospheres<\/li><li>Triple mirror polish on all surfaces for frictionless action<\/li><li>Seven hole carb to facilitate optimal air flow<\/li><li>Medical-grade, corrosion free 316 stainless steel interior core<\/li><li>304 stainless steel outer shell<\/li><\/ul>","dbtfy_product_tabs_image_link":"","dbtfy_product_tabs_html":"","visibility":"product","dbtfy_product_tabs_collection":"","dbtfy_product_tabs_type":"","dbtfy_product_tabs_tag":"","dbtfy_product_tabs_product":"incognito-straw"}},"50d2b188-cb82-49ac-b180-ecffbaa94576":{"type":"text","settings":{"title":"Snogo Details","dbtfy_product_tabs_open":false,"text_alignment":"","dbtfy_product_tabs_icons":"","dbtfy_product_tabs_title":"Details","dbtfy_product_tabs_text":"<ul><li>3-in-1 bump straw, applicator, and scoop<\/li><li>Low profile and incognito for use in any environment<\/li><li>3 inches in length by a slim .3 inches in diameter<\/li><li>DNX spring for smooth, whisper quiet recoil <\/li><li>Notched nasal piece for Snogo orientation in darker atmospheres<\/li><li>Triple mirror polish on all surfaces for frictionless action<\/li><li>Seven hole carb to facilitate optimal air flow<\/li><li>Medical-grade, corrosion free 316 stainless steel interior core<\/li><li>304 stainless steel outer shell<\/li><\/ul>","dbtfy_product_tabs_image_link":"","dbtfy_product_tabs_html":"","visibility":"product","dbtfy_product_tabs_collection":"","dbtfy_product_tabs_type":"","dbtfy_product_tabs_tag":"","dbtfy_product_tabs_product":"snogo-straw"}},"dda50d6c-b393-4976-b762-db11f2b01322":{"type":"text","settings":{"title":"","dbtfy_product_tabs_open":true,"text_alignment":"","dbtfy_product_tabs_icons":"","dbtfy_product_tabs_title":"Dimensions","dbtfy_product_tabs_text":"<p>The SNOGO Mojo is <em>not <\/em>a bump straw. With a dosage 1.5x larger than the original SNOGO, the SNOGO Mojo isn’t delivering mere bumps, it’s serving up corner-office professional level, Silverback-sized doses of cacao. With a MF-ing mountain of Mojo in every dose, it should go without saying, the SNOGO Mojo is <em>not <\/em>for everyone.<\/p>","dbtfy_product_tabs_image_link":"","dbtfy_product_tabs_html":"","visibility":"product","dbtfy_product_tabs_collection":"","dbtfy_product_tabs_type":"","dbtfy_product_tabs_tag":"","dbtfy_product_tabs_product":"snogo-mojo"}},"text_pbh4X4":{"type":"text","settings":{"title":"","dbtfy_product_tabs_open":false,"text_alignment":"text-center","dbtfy_product_tabs_icons":"","dbtfy_product_tabs_title":"Dimensions","dbtfy_product_tabs_text":"","dbtfy_product_tabs_image_link":"","dbtfy_product_tabs_html":"<body>\n\n\n\n<table border=\"1\">\n    <tr>\n        <th>Straw<\/th>\n        <th>Overall Length<\/th>\n        <th>Overall Width<\/th>\n        <th>Overall Dimensions<\/th>\n        <th>Innertube Length<\/th>\n        <th>Innertube Width<\/th>\n        <th>Weight in Gram\/Oz.<\/th>\n        <th>Scoop Size<\/th>\n        <th>Material<\/th>\n    <\/tr>\n    <tr>\n        <td>SMG Mojo<\/td>\n        <td>86 mm<\/td>\n        <td>12.6 mm<\/td>\n        <td>86 mm * 12.6 mm<\/td>\n        <td>85.8 mm<\/td>\n        <td>9.28 mm<\/td>\n        <td>23 g<\/td>\n        <td>8 \/ 10 \/ 12 mm<\/td>\n        <td>Stainless Steel 304 \/ 316<\/td>\n    <\/tr>\n<\/table>\n\n\n<\/body>","visibility":"product","dbtfy_product_tabs_collection":"","dbtfy_product_tabs_type":"","dbtfy_product_tabs_tag":"","dbtfy_product_tabs_product":"snogo-smg-mojo"}}},"block_order":["441a10b0-7408-4cae-ab72-9befb51d18fe","0aecb8d5-2aec-4311-bc88-c3edd76b9e54","19cd626d-32d3-47ad-bdc7-4aec9a8f3ccc","49f86fb8-f349-42d5-99ea-609724a864a8","aac8c379-eb66-4543-8d12-dcb29a30f87b","5bfe094d-c10e-421d-8a71-b26b57844522","1b3a1a45-8553-456f-8298-8ae1183c0c31","e0a07cc2-2bcc-4d8d-b670-4b4e55424351","50d2b188-cb82-49ac-b180-ecffbaa94576","dda50d6c-b393-4976-b762-db11f2b01322","text_pbh4X4"],"settings":{"dbtfy_product_tabs_display_type":"horizontal","dbtfy_product_tab_heading_color":"headings","dbtfy_product_tab_text_color":"text","dbtfy_product_tab_background_color":"form_elements"}},"dbtfy-product-swatches":{"type":"dbtfy-product-swatches","blocks":{"group_ypcUKF":{"type":"group","disabled":true,"settings":{"title":"","group_name":"Engraving Type","variant_title":""}},"product_QAt8Cw":{"type":"product","disabled":true,"settings":{"title":"","product_1":"engraving-type","option_name_1":"","product_2":"engraved-snogo","option_name_2":"","product_3":"","option_name_3":"","product_4":"","option_name_4":"","product_5":"","option_name_5":"","product_6":"","option_name_6":"","product_7":"","option_name_7":"","product_8":"","option_name_8":"","product_9":"","option_name_9":"","product_10":"","option_name_10":""}}},"block_order":["group_ypcUKF","product_QAt8Cw"],"settings":{"dbtfy_product_swatches_show_in_grid":true}},"dbtfy-quantity-breaks":{"type":"dbtfy-quantity-breaks","settings":{"dbtfy_quantity_breaks_single_text":"Add _COUNT_","dbtfy_quantity_breaks_price_type":"total_price","dbtfy_quantity_breaks_more_discount_text_before":"Add","dbtfy_quantity_breaks_more_discount_text_after":"more item to checkout","dbtfy_quantity_breaks_more_discount_text_after_percentage":"off","dbtfy_quantity_breaks_highest_discount_text":"Highest discount applied!"}},"dbtfy-size-chart":{"type":"dbtfy-size-chart","settings":{"dbtfy_size_chart_icon":"info","dbtfy_size_chart_title":"Combinations Available","dbtfy_size_chart_width":"medium"}},"dbtfy-upsell-popup":{"type":"dbtfy-upsell-popup","blocks":{"upsell_t9thFV":{"type":"upsell","settings":{"heading":"","title_1":"New Bundle!","text_1":"<p><strong>INCLUDES: SNOGO or INCOGNITO<\/strong><br\/>Silver | Nitride | Burgundy | Gold | Original Rose Gold<\/p><p>with<\/p><p><strong>Carrier Keychain <\/strong>in Litchi Italian leather<br\/>Black | Brown | White<\/p><p>and<\/p><p><strong>Gunk Goblin<\/strong> cleaning kit<\/p><p>Black Titanium Pick & 5-Pack Premium Nylon Brushes<\/p>","collection_trigger_1":"straws","product_trigger_1":"","product_offer_1":"party-pack-essentials-bundle-with-snogo-straw-toothpick-keychain-brush","icons_1":"card_giftcard","button_label_1":"Claim offer!","discount_name_1":"","discount_amount_1":"","discount_type_1":"%","title_2":"Special Offer!","text_2":"<p>Add this product to your cart and get 20% OFF your entire order.<\/p>","collection_trigger_2":"","product_trigger_2":"","product_offer_2":"","icons_2":"card_giftcard","button_label_2":"Claim offer!","discount_name_2":"","discount_amount_2":"","discount_type_2":"%","title_3":"Special Offer!","text_3":"<p>Add this product to your cart and get 20% OFF your entire order.<\/p>","collection_trigger_3":"","product_trigger_3":"","product_offer_3":"","icons_3":"card_giftcard","button_label_3":"Claim offer!","discount_name_3":"","discount_amount_3":"","discount_type_3":"%","title_4":"Special Offer!","text_4":"<p>Add this product to your cart and get 20% OFF your entire order.<\/p>","collection_trigger_4":"","product_trigger_4":"","product_offer_4":"","icons_4":"card_giftcard","button_label_4":"Claim offer!","discount_name_4":"","discount_amount_4":"","discount_type_4":"%","title_5":"Special Offer!","text_5":"<p>Add this product to your cart and get 20% OFF your entire order.<\/p>","collection_trigger_5":"","product_trigger_5":"","product_offer_5":"","icons_5":"card_giftcard","button_label_5":"Claim offer!","discount_name_5":"","discount_amount_5":"","discount_type_5":"%","title_6":"Special Offer!","text_6":"<p>Add this product to your cart and get 20% OFF your entire order.<\/p>","collection_trigger_6":"","product_trigger_6":"","product_offer_6":"","icons_6":"card_giftcard","button_label_6":"Claim offer!","discount_name_6":"","discount_amount_6":"","discount_type_6":"%","title_7":"Special Offer!","text_7":"<p>Add this product to your cart and get 20% OFF your entire order.<\/p>","collection_trigger_7":"","product_trigger_7":"","product_offer_7":"","icons_7":"card_giftcard","button_label_7":"Claim offer!","discount_name_7":"","discount_amount_7":"","discount_type_7":"%","title_8":"Special Offer!","text_8":"<p>Add this product to your cart and get 20% OFF your entire order.<\/p>","collection_trigger_8":"","product_trigger_8":"","product_offer_8":"","icons_8":"card_giftcard","button_label_8":"Claim offer!","discount_name_8":"","discount_amount_8":"","discount_type_8":"%","title_9":"Special Offer!","text_9":"<p>Add this product to your cart and get 20% OFF your entire order.<\/p>","collection_trigger_9":"","product_trigger_9":"","product_offer_9":"","icons_9":"card_giftcard","button_label_9":"Claim offer!","discount_name_9":"","discount_amount_9":"","discount_type_9":"%","title_10":"Special Offer!","text_10":"<p>Add this product to your cart and get 20% OFF your entire order.<\/p>","collection_trigger_10":"","product_trigger_10":"","product_offer_10":"","icons_10":"card_giftcard","button_label_10":"Claim offer!","discount_name_10":"","discount_amount_10":"","discount_type_10":"%"}}},"block_order":["upsell_t9thFV"],"settings":{"dbtfy_upsell_popup_width":"modal-large","dbtfy_upsell_popup_description":"See product details","dbtfy_upsell_popup_cart":"No thanks","dbtfy_upsell_popup_checkout":"Go to checkout →","text_alignment":"text-center","dbtfy_upsell_popup_range":79}},"drawer-menu":{"type":"drawer-menu","settings":{"drawer_link_toggle":true,"email":true,"phone":true,"show_social_medias":true,"hide_menu_icon":false,"title":"","drawer_top_link_list":"all-products","drawer_bottom_link_list":"footer"}},"announcement":{"type":"announcement","blocks":{"message_tjiMLM":{"type":"message","settings":{"title":"Your Personal Discount","announcement_text":"<p>Your Personalized Discount Applied<\/p>"}},"d9a21496-652a-46f9-b853-784f1cf8e929":{"type":"message","settings":{"title":"","announcement_text":""}},"message_R9wkwY":{"type":"message","disabled":true,"settings":{"title":"","announcement_text":"<p>Looking for <a href=\"https:\/\/snogostraws.com\/the-snogo-salon\/\" target=\"_blank\" title=\"https:\/\/snogostraws.com\/the-snogo-salon\/\">The Snogo Salon <br\/><\/a>Password: snogo<\/p>"}},"message_fTh3fL":{"type":"message","disabled":true,"settings":{"title":"","announcement_text":"<p>Free shipping worldwide<\/p>"}},"message_j3W4Ew":{"type":"message","settings":{"title":"","announcement_text":"<p>We're a community! Join our exclusive <a href=\"https:\/\/chat.whatsapp.com\/LcFxnLAHUch7vgolC3tlMA\" target=\"_blank\" title=\"BA WhatsApp Group\">BA WhatsApp Group<\/a><\/p>"}}},"block_order":["message_tjiMLM","d9a21496-652a-46f9-b853-784f1cf8e929","message_R9wkwY","message_fTh3fL","message_j3W4Ew"],"settings":{"small_announcement_text":true,"show_social":false,"email":true,"phone":true,"left_message":"","right_message":"","announcement_autoplayspeed":3}},"header":{"type":"header","blocks":{"product_Q3nLpR":{"type":"product","settings":{"title":"","dbtfy_mega_menu_nav_link":"Straws","dbtfy_mega_menu_nav_link_url":"","dbtfy_mega_menu_position":2,"dbtfy_mega_menu_header":true,"dbtfy_mega_menu_product":"straws","dbtfy_mega_menu_product_grid":"5"}},"collection_jUJKBk":{"type":"collection","disabled":true,"settings":{"title":"","dbtfy_mega_menu_nav_link":"Collections","dbtfy_mega_menu_nav_link_url":"","dbtfy_mega_menu_position":1,"dbtfy_mega_menu_header":true,"dbtfy_mega_menu_title":"Collections","dbtfy_mega_menu_collection_1":"straws","dbtfy_mega_menu_collection_2":"necklaces","dbtfy_mega_menu_collection_3":"wearables","dbtfy_mega_menu_collection_4":"cacao","dbtfy_mega_menu_collection_5":"bundles","dbtfy_mega_menu_collection_6":""}},"product_nejybA":{"type":"product","settings":{"title":"","dbtfy_mega_menu_nav_link":"Accessories","dbtfy_mega_menu_nav_link_url":"","dbtfy_mega_menu_position":4,"dbtfy_mega_menu_header":true,"dbtfy_mega_menu_product":"wearables","dbtfy_mega_menu_product_grid":"5"}},"product_GribhD":{"type":"product","settings":{"title":"","dbtfy_mega_menu_nav_link":"Necklaces","dbtfy_mega_menu_nav_link_url":"","dbtfy_mega_menu_position":3,"dbtfy_mega_menu_header":true,"dbtfy_mega_menu_product":"necklaces","dbtfy_mega_menu_product_grid":"4"}},"product_Edr86m":{"type":"product","settings":{"title":"","dbtfy_mega_menu_nav_link":"Bundles","dbtfy_mega_menu_nav_link_url":"","dbtfy_mega_menu_position":5,"dbtfy_mega_menu_header":true,"dbtfy_mega_menu_product":"bundles","dbtfy_mega_menu_product_grid":"5"}},"product_KLcCDj":{"type":"product","settings":{"title":"","dbtfy_mega_menu_nav_link":"Your catalog","dbtfy_mega_menu_nav_link_url":"","dbtfy_mega_menu_position":7,"dbtfy_mega_menu_header":true,"dbtfy_mega_menu_product":"frontpage","dbtfy_mega_menu_product_grid":"5"}}},"block_order":["product_Q3nLpR","collection_jUJKBk","product_nejybA","product_GribhD","product_Edr86m","product_KLcCDj"],"settings":{"main_menu_link_list":"","navigation_type":"left","logo_link":true,"default_logo":"shopify:\/\/shop_images\/Copy_of_Logo.png","inverted_logo":"shopify:\/\/shop_images\/Copy_of_Logo.png","mobile_logo":"shopify:\/\/shop_images\/Copy_of_Logo.png","default_logo_svg":"","inverted_logo_svg":"","mobile_logo_svg":"","logo_width":200,"logo_mobile_width":100}},"dbtfy-instagram-feed":{"type":"dbtfy-instagram-feed","settings":{"dbtfy_instagram_feed_icon":false,"dbtfy_instagram_feed_access_token":"acec29ce78f09957220b6f75b53a0757","dbtfy_instagram_feed_full_width":true,"title":"","subtitle":"","dbtfy_instagram_feed_section_style":"section-border","dbtfy_instagram_feed_rows":"1","dbtfy_instagram_feed_desktop_grid":"6","dbtfy_instagram_feed_mobile_grid":"3"}},"guarantee":{"type":"guarantee","blocks":{"guarantee-2":{"type":"text","settings":{"title":"","image":"shopify:\/\/shop_images\/SnogoTB__ComplimentaryShipping.png","guarantee_icon":"loyalty","heading_text":"","text":"","text_alignment":"text-center","text_alignment_mobile":"text-center","button_style":"btn-outline-primary","button_label":"","button_link":"shopify:\/\/pages\/getting-involved"}},"fbc31ce7-0b28-4aaf-92b2-40bf208e438a":{"type":"text","settings":{"title":"","image":"shopify:\/\/shop_images\/SnogoTB__Insured_Shipping.png","guarantee_icon":"groups","heading_text":"","text":"<p><\/p><p><\/p><p><\/p><p><\/p>","text_alignment":"text-center","text_alignment_mobile":"text-center","button_style":"btn-outline-primary","button_label":"","button_link":""}},"text_9MPUax":{"type":"text","settings":{"title":"","image":"shopify:\/\/shop_images\/SnogoTB__PerformanceWarrenty_2.png","guarantee_icon":"loyalty","heading_text":"","text":"","text_alignment":"text-center","text_alignment_mobile":"text-center","button_style":"btn-outline-primary","button_label":"","button_link":""}}},"block_order":["guarantee-2","fbc31ce7-0b28-4aaf-92b2-40bf208e438a","text_9MPUax"],"settings":{"show_guarantee":true,"guarantee_size":"xl","section_style":"section-default"}},"footer":{"type":"footer","blocks":{"footer-0":{"type":"text","settings":{"title":"","column_width":2,"image":"shopify:\/\/shop_images\/Copy_of_Logo.png","svg":"","img_url":"","logo_width":150,"heading_text":"","subtitle":"","text":"<p><a href=\"https:\/\/snogostraws.com\/the-snogo-salon\/\" target=\"_blank\" title=\"https:\/\/snogostraws.com\/the-snogo-salon\/\">The Snogo Salon<\/a><br\/>Password: snogo<\/p>","email":true,"phone":true,"show_social_media":true}},"9fbac54f-d409-4040-9181-b3caee1f9f28":{"type":"link_list","settings":{"title":"","column_width":1,"heading_text":"Collections","subtitle":"","footer_link_list":"all-products"}},"footer-2":{"type":"newsletter","settings":{"title":"","column_width":2,"heading_text":"Subscribe to the Snogo Newsletter","subtitle":"Join the biggest evolution since house music","customer_tag":"newsletter"}}},"block_order":["footer-0","9fbac54f-d409-4040-9181-b3caee1f9f28","footer-2"],"settings":{"show_social_media":false,"social_media_position_desktop":"right","social_title":"Connect with us","show_payment_icons":true,"custom_credential":"<p><a href=\"\/policies\/privacy-policy\" title=\"Privacy Policy\">Privacy Policy<\/a> | <a href=\"\/policies\/terms-of-service\" title=\"Terms of Service\">Website and BA Terms of Service<\/a> | <a href=\"\/policies\/shipping-policy\" title=\"Shipping Policy\">Shipping<\/a> & <a href=\"\/policies\/refund-policy\" title=\"Refund Policy\">Returns<\/a> | Pat.: D943,913S<\/p>"}},"dbtfy-collection-filters":{"type":"dbtfy-collection-filters","blocks":{"1e1363bd-52f1-4319-9119-4f0d5324e1d0":{"type":"collections","settings":{"title":"","collection_title":"Collections","visibility_type":"few","list_categories":"Necklaces, \nStraws, Accessories, Bundles, Cacao"}},"filter_group_fjzLU8":{"type":"filter_group","settings":{"title":"","heading_text":"","tags":"Silver, Gold, Nitride, Rose Gold, Pink, White, Black,"}}},"block_order":["1e1363bd-52f1-4319-9119-4f0d5324e1d0","filter_group_fjzLU8"],"settings":{"clear_label":"Clear","clear_all_label":"Clear All","hide_unavailable_options":false,"visibility_tags_count":"only_available"}}},"content_for_index":[],"blocks":{"5149645339031002760":{"type":"shopify:\/\/apps\/order-limits-minmaxify\/blocks\/app-embed-block\/3acfba32-89f3-4377-ae20-cbb9abc48475","disabled":false,"settings":{"async":false}},"11945366711752539959":{"type":"shopify:\/\/apps\/zendesk\/blocks\/zendesk_web_widget\/c0b417b1-b90b-4754-baaf-f55627e6acd4","disabled":true,"settings":{}},"7916451724185839711":{"type":"shopify:\/\/apps\/avis-product-options\/blocks\/avisplus-product-options\/e076618e-4c9c-447f-ad6d-4f1577799c29","disabled":false,"settings":{}},"15683396631634586217":{"type":"shopify:\/\/apps\/inbox\/blocks\/chat\/841fc607-4181-4ad1-842d-e24d7f8bad6b","disabled":false,"settings":{"button_color":"#000000","secondary_color":"#ffffff","ternary_color":"#6a6a6a","button_icon":"question_mark","button_text":"help","button_horizontal_position":"bottom_left","button_vertical_position":"lowest","greeting_message":"FAQ and more"}},"7079518687644006178":{"type":"shopify:\/\/apps\/checkout-blocks\/blocks\/app-embed\/b0024ca5-9de8-4bf0-a92f-cd0783877ae2","disabled":false,"settings":{"utm_id":true,"utm_source":true,"utm_medium":true,"utm_campaign":true,"utm_term":true,"ref":true}}}},"platform_customizations":{"custom_css":[]}}