{"sections":{"5351ec94-1dde-4498-93d6-669ef1f74fcb":{"type":"custom-html","blocks":{"template--17921462960406__5351ec94-1dde-4498-93d6-669ef1f74fcb-167874550986d417b8-0":{"type":"html","settings":{"title":"News Ticker","code":"<h2>Welcome to the Salon!<\/h2><p>An exclusive space for new products, giveaways, and delicious Snogo news<\/p>","column_width":12,"column_width_mobile":12,"text_alignment":"text-center"}}},"block_order":["template--17921462960406__5351ec94-1dde-4498-93d6-669ef1f74fcb-167874550986d417b8-0"],"settings":{"show_on_desktop":true,"show_on_mobile":true,"padding_section":true,"section_style":"section-blank","wrapper_size":""}},"f7b90a7e-86ff-4e65-a089-2ec5d1634ba2":{"type":"hero","blocks":{"dbaba67f-2962-493a-997f-f68d2f89796e":{"type":"slide","settings":{"title":"","overlay":false,"image":"shopify:\/\/shop_images\/image001.jpg","image_mobile":"shopify:\/\/shop_images\/image001.jpg","image_position":"center center","image_position_mobile":"center center","slide_link":"","video":"","heading_text":"","text":"","text_position":"align-center","text_position_mobile":"align-center","text_alignment":"text-center","text_alignment_mobile":"text-center","enable_custom_fonts":false,"slideshow_family":"poppins_n4","button_label":"","button_link":"","button_style":"btn--primary","button_label_2":"","button_link_2":"","button_style_2":""}}},"block_order":["dbaba67f-2962-493a-997f-f68d2f89796e"],"settings":{"show_on_desktop":true,"show_on_mobile":true,"section_height":"small","section_height_mobile":"small","arrows":false,"dots":false,"autoplay":false,"autoplayspeed":8}},"1675274269b952c66a":{"type":"apps","settings":{}},"346d9332-b3c0-4b80-a00c-0f7ac2d9b8eb":{"type":"quotes","blocks":{"template--17921462960406__346d9332-b3c0-4b80-a00c-0f7ac2d9b8eb-167839253900fe0fee-0":{"type":"quote","settings":{"title":"","icon":"looks_one","quote":"<p>Total Revenue: <strong>$22,338.10 <\/strong><\/p>","author":"Andhi","text_alignment":"text-center","text_alignment_mobile":"text-center"}},"template--17921462960406__346d9332-b3c0-4b80-a00c-0f7ac2d9b8eb-167839253900fe0fee-1":{"type":"quote","settings":{"title":"","icon":"looks_two","quote":"<p>Total Revenue: <strong>$12,883.20<\/strong><\/p>","author":"Sam","text_alignment":"text-center","text_alignment_mobile":"text-center"}},"template--17921462960406__346d9332-b3c0-4b80-a00c-0f7ac2d9b8eb-167839253900fe0fee-2":{"type":"quote","settings":{"title":"","quote_image":"shopify:\/\/shop_images\/Devin_Larscheid.jpg","icon":"look_3","quote":"<p>Total Revenue: <strong>$10,292.00<\/strong><\/p>","author":"Devin","text_alignment":"text-center","text_alignment_mobile":"text-center"}}},"block_order":["template--17921462960406__346d9332-b3c0-4b80-a00c-0f7ac2d9b8eb-167839253900fe0fee-0","template--17921462960406__346d9332-b3c0-4b80-a00c-0f7ac2d9b8eb-167839253900fe0fee-1","template--17921462960406__346d9332-b3c0-4b80-a00c-0f7ac2d9b8eb-167839253900fe0fee-2"],"settings":{"show_on_desktop":true,"show_on_mobile":true,"title":"Leaderboard","subtitle":"2022's Top Affiliates & Brand Ambassadors","section_style":"section-default","quote_width":"70","arrows":true,"dots":true,"autoplay":true,"autoplayspeed":5}},"8325c9ad-6f28-4361-b47d-dbcb443cef0b":{"type":"custom-html","blocks":{"template--17921462960406__8325c9ad-6f28-4361-b47d-dbcb443cef0b-167874550986d417b8-0":{"type":"html","settings":{"title":"","code":"<h2>Marketing &amp; Materials<\/h2><p><\/p>SNOGO<p><\/p>\n<p>ICOGNITO<\/p>\n<p>SMG<\/p>\n<p>The CHIC<\/p>\n<p>Cacao<\/p>\n<p>Accessories<\/p>","column_width":12,"column_width_mobile":12,"text_alignment":"text-left"}},"3831c186-060b-4cf1-a764-bece1df1c1ff":{"type":"html","settings":{"title":"","code":"<h2>Useful Links<\/h2><p>Affiliate Login<\/p>\n<p>Affiliate Sign Up<\/p>\n<p>Brand Ambassador Sign Up<\/p>","column_width":4,"column_width_mobile":12,"text_alignment":"text-center"}},"30fd2ea8-d056-42b0-8044-0df99f14380d":{"type":"html","settings":{"title":"","code":"<h2>Rules of the Road<\/h2><p>Polices<\/p>\n<p>Affiliate Terms of Service<\/p>\n<p>Brand AmbassadorTerms of Service<\/p>","column_width":4,"column_width_mobile":12,"text_alignment":"text-center"}}},"block_order":["template--17921462960406__8325c9ad-6f28-4361-b47d-dbcb443cef0b-167874550986d417b8-0","3831c186-060b-4cf1-a764-bece1df1c1ff","30fd2ea8-d056-42b0-8044-0df99f14380d"],"settings":{"show_on_desktop":true,"show_on_mobile":true,"padding_section":false,"section_style":"section-border","wrapper_size":"-fluid"}},"main":{"type":"blog-template","settings":{"show_rss":false,"rows":"1","grid":"3"}},"455e447b-8b48-4831-9a32-f09f300b11fb":{"type":"gallery","blocks":{"template--17921462960406__455e447b-8b48-4831-9a32-f09f300b11fb-1678746167b2a8bdea-0":{"type":"image","settings":{"title":"","image":"shopify:\/\/shop_images\/Silver_Center_Front.jpg","alignment":"center center","link":"","cta_label":""}},"template--17921462960406__455e447b-8b48-4831-9a32-f09f300b11fb-1678746167b2a8bdea-1":{"type":"image","settings":{"title":"","image":"shopify:\/\/shop_images\/SilverIncognitoCenterFront.jpg","alignment":"center center","link":"","cta_label":""}},"template--17921462960406__455e447b-8b48-4831-9a32-f09f300b11fb-1678746167b2a8bdea-2":{"type":"image","settings":{"title":"","image":"shopify:\/\/shop_images\/GBB_FRONT.jpg","alignment":"center center","link":"","cta_label":""}},"template--17921462960406__455e447b-8b48-4831-9a32-f09f300b11fb-1678746167b2a8bdea-3":{"type":"image","settings":{"title":"","image":"shopify:\/\/shop_images\/Carbon-Incognito-Center-Front-Nitride-800px.jpg","alignment":"center center","link":"","cta_label":""}},"27c318f4-4f71-40dc-bd4f-7835976bbeab":{"type":"image","settings":{"title":"","image":"shopify:\/\/shop_images\/Cacao_with_Vials.png","alignment":"center center","link":"","cta_label":""}},"edbcf10c-e1a4-4998-86a5-11bb0ea92343":{"type":"image","settings":{"title":"","image":"shopify:\/\/shop_images\/Silver_Neckalces_with_Snogo_Incognito.png","alignment":"center center","link":"","cta_label":""}}},"block_order":["template--17921462960406__455e447b-8b48-4831-9a32-f09f300b11fb-1678746167b2a8bdea-0","template--17921462960406__455e447b-8b48-4831-9a32-f09f300b11fb-1678746167b2a8bdea-1","template--17921462960406__455e447b-8b48-4831-9a32-f09f300b11fb-1678746167b2a8bdea-2","template--17921462960406__455e447b-8b48-4831-9a32-f09f300b11fb-1678746167b2a8bdea-3","27c318f4-4f71-40dc-bd4f-7835976bbeab","edbcf10c-e1a4-4998-86a5-11bb0ea92343"],"settings":{"show_on_desktop":true,"show_on_mobile":true,"full_width":true,"title":"Snogo products","subtitle":"","section_style":"section-blank","section_height":"medium"}},"a53713a0-e67c-4179-99d9-0974c4b65ed4":{"type":"dbtfy-faq-section","blocks":{"template--17921462960406__a53713a0-e67c-4179-99d9-0974c4b65ed4-167874712339464544-0":{"type":"category_block","settings":{"title":"","dbtfy_faq_category":"Category","dbtfy_faq_icons":"support"}},"template--17921462960406__a53713a0-e67c-4179-99d9-0974c4b65ed4-167874712339464544-1":{"type":"text_block","settings":{"title":"","dbtfy_faq_page_open_1":false,"dbtfy_faq_page_icon_1":"","question_1":"Question","text_1":"<p>This is your answer.<\/p>","dbtfy_faq_page_open_2":false,"dbtfy_faq_page_icon_2":"","question_2":"Question","text_2":"<p>This is your answer.<\/p>","dbtfy_faq_page_open_3":false,"dbtfy_faq_page_icon_3":"","question_3":"Question","text_3":"<p>This is your answer.<\/p>","dbtfy_faq_page_open_4":false,"dbtfy_faq_page_icon_4":"","question_4":"Question","text_4":"<p>This is your answer.<\/p>","dbtfy_faq_page_open_5":false,"dbtfy_faq_page_icon_5":"","question_5":"Question","text_5":"<p>This is your answer.<\/p>","dbtfy_faq_page_open_6":false,"dbtfy_faq_page_icon_6":"","question_6":"Question","text_6":"<p>This is your answer.<\/p>","dbtfy_faq_page_open_7":false,"dbtfy_faq_page_icon_7":"","question_7":"Question","text_7":"<p>This is your answer.<\/p>","dbtfy_faq_page_open_8":false,"dbtfy_faq_page_icon_8":"","question_8":"Question","text_8":"<p>This is your answer.<\/p>","dbtfy_faq_page_open_9":false,"dbtfy_faq_page_icon_9":"","question_9":"Question","text_9":"<p>This is your answer.<\/p>","dbtfy_faq_page_open_10":false,"dbtfy_faq_page_icon_10":"","question_10":"Question","text_10":"<p>This is your answer.<\/p>"}},"947d862f-586c-41e6-beb2-7ea50c1362d6":{"type":"category_block","settings":{"title":"","dbtfy_faq_category":"Affiliates & Brand Ambassadors","dbtfy_faq_icons":"support"}},"55670222-9d4d-4f46-a089-c016cd2a77ee":{"type":"text_block","settings":{"title":"","dbtfy_faq_page_open_1":false,"dbtfy_faq_page_icon_1":"","question_1":"Question","text_1":"<p>This is your answer.<\/p>","dbtfy_faq_page_open_2":false,"dbtfy_faq_page_icon_2":"","question_2":"Question","text_2":"<p>This is your answer.<\/p>","dbtfy_faq_page_open_3":false,"dbtfy_faq_page_icon_3":"","question_3":"Question","text_3":"<p>This is your answer.<\/p>","dbtfy_faq_page_open_4":false,"dbtfy_faq_page_icon_4":"","question_4":"Question","text_4":"<p>This is your answer.<\/p>","dbtfy_faq_page_open_5":false,"dbtfy_faq_page_icon_5":"","question_5":"Question","text_5":"<p>This is your answer.<\/p>","dbtfy_faq_page_open_6":false,"dbtfy_faq_page_icon_6":"","question_6":"Question","text_6":"<p>This is your answer.<\/p>","dbtfy_faq_page_open_7":false,"dbtfy_faq_page_icon_7":"","question_7":"Question","text_7":"<p>This is your answer.<\/p>","dbtfy_faq_page_open_8":false,"dbtfy_faq_page_icon_8":"","question_8":"Question","text_8":"<p>This is your answer.<\/p>","dbtfy_faq_page_open_9":false,"dbtfy_faq_page_icon_9":"","question_9":"Question","text_9":"<p>This is your answer.<\/p>","dbtfy_faq_page_open_10":false,"dbtfy_faq_page_icon_10":"","question_10":"Question","text_10":"<p>This is your answer.<\/p>"}}},"block_order":["template--17921462960406__a53713a0-e67c-4179-99d9-0974c4b65ed4-167874712339464544-0","template--17921462960406__a53713a0-e67c-4179-99d9-0974c4b65ed4-167874712339464544-1","947d862f-586c-41e6-beb2-7ea50c1362d6","55670222-9d4d-4f46-a089-c016cd2a77ee"],"settings":{"show_on_desktop":true,"show_on_mobile":true,"title":"FAQ","subtitle":"Find FAQ about Snogo products and our Affiliate and Brand Ambassador Programs","section_style":"section-border","dbtfy_faq_searchbox":true,"dbtfy_faq_search_placeholder":"Search questions...","text_alignment":"text-center","text_alignment_mobile":"text-center","dbtfy_faq_bannerbox":true,"dbtfy_faq_banner_icon":"live_help","dbtfy_faq_banner_text":"Didn't find your answer?","dbtfy_faq_banner_subtitle":"Our customer service will be happy to help you.","dbtfy_faq_btn":"Get in Touch","dbtfy_faq_link":""}}},"order":["5351ec94-1dde-4498-93d6-669ef1f74fcb","f7b90a7e-86ff-4e65-a089-2ec5d1634ba2","1675274269b952c66a","346d9332-b3c0-4b80-a00c-0f7ac2d9b8eb","8325c9ad-6f28-4361-b47d-dbcb443cef0b","main","455e447b-8b48-4831-9a32-f09f300b11fb","a53713a0-e67c-4179-99d9-0974c4b65ed4"]}