{"sections":{"main":{"type":"page-cart-content","settings":{}},"featured_content_qN8BN4":{"type":"featured-content","disabled":true,"custom_css":["h2 {color: #39cccc;}"],"settings":{"show_on_desktop":true,"show_on_mobile":true,"title":"Pay at My Pace with Affirm","text":"","section_style":"section-blank","text_size":"large","text_alignment":"text-center","button_style":"btn--primary","button_label":"","button_link":""}},"173048163901522f12":{"type":"apps","blocks":{"affirm_pay_over_time_messaging_cart_block_VPPTLG":{"type":"shopify:\/\/apps\/affirm-pay-over-time-messaging\/blocks\/cart-block\/6dce54be-130d-4d13-9636-1e8f611b3071","disabled":true,"settings":{"logo_align":"center","font_size":24,"logo_color":"black","logo_type":"symbol","public_api_key":"J0KPOCG0DOZODAQE","cart_selector":".cart_right-item","cart_total_selector":".cart__subtotal .money"}}},"block_order":["affirm_pay_over_time_messaging_cart_block_VPPTLG"],"settings":{}}},"order":["main","featured_content_qN8BN4","173048163901522f12"]}