{"sections":{"collection-image":{"type":"collection-image","settings":{}},"main":{"type":"collection-template","settings":{"collection_tags_enable":true,"collection_tags_count":true,"collection_multiple_tags_filtering_enable":true,"collection_sort_enable":true,"tag_selector":"button","collection_layout":"grid_list","rows":"3","desktop_grid":"3","mobile_grid":"2"}},"breadcrumbs":{"type":"breadcrumbs","settings":{}},"6258df39-95c1-4e6c-a95f-89d6d5d37150":{"type":"custom-html","blocks":{"template--18011212153110__6258df39-95c1-4e6c-a95f-89d6d5d37150-1677164766762c29fb-0":{"type":"html","settings":{"title":"","code":"<p><span style=\"text-decoration: underline;\">2 decisions to make:<\/span><\/p>\n<p style=\"text-align: center;\"><span style=\"text-decoration: underline;\">First up:<\/span> Pick a Finish<\/p>\n<p style=\"text-align: center;\">Polished <em>Silver<\/em>, <em>Gold<\/em>, <em>Nitrate<\/em>, <em>Burgundy<\/em><\/p>\n<p style=\"text-align: center;\"><span style=\"text-decoration: underline;\">Next &amp; Last:<\/span> Select the Gauge<\/p>\n<p style=\"text-align: center;\"><em>Thin Gauge<\/em> @ 1.0 mm (previously 0.5) <em>Thick Gauge <\/em>@ 1.5 mm (previously 0.8)<\/p>\n<p style=\"text-align: center;\"><strong><em>*The Snogo Necklace fits Snogos and Incognitos<\/em><em>*The Snogo SMG requires the SMG Necklace<\/em><\/strong><\/p>","column_width":12,"column_width_mobile":12,"text_alignment":"text-center"}}},"block_order":["template--18011212153110__6258df39-95c1-4e6c-a95f-89d6d5d37150-1677164766762c29fb-0"],"settings":{"show_on_desktop":true,"show_on_mobile":true,"padding_section":true,"section_style":"section-blank","wrapper_size":""}}},"order":["collection-image","main","breadcrumbs","6258df39-95c1-4e6c-a95f-89d6d5d37150"]}