{"sections":{"e8091591-c472-4f99-af3d-ea90c97d94d3":{"type":"featured-products","settings":{"show_on_desktop":true,"show_on_mobile":true,"title":"","subtitle":"Min of 10 straws per order | Price reflects your discount","section_style":"section-border","home_featured_products":"frontpage","rows":"1","desktop_grid":"3","mobile_grid":"2","show_view_all":true,"button_label":"View all","button_link":"","button_style":"","slider_related_products":true,"arrows":true,"dots":true,"autoplay":true,"autoplayspeed":3}},"0f521e38-869a-499a-b7fc-ab2f973ebcf9":{"type":"hero","blocks":{"slide_MQrHNg":{"type":"slide","settings":{"title":"","overlay":true,"image":"shopify:\/\/shop_images\/SNOGO-V-WEBSITE-BANNER-1-min-1.png","image_mobile":"shopify:\/\/shop_images\/SNOGO-V-WEBSITE-BANNER-1-min-1.png","image_position":"center center","image_position_mobile":"center center","slide_link":"","video":"https:\/\/cdn.shopify.com\/s\/files\/1\/0559\/9369\/6305\/files\/unnamed.gif?v=1722107952","heading_text":"The Snogo Brand Ambassador Experience","text":"<p>Get deeply discounted prices, product information, and comlimentary insured shipping worldwide on your orders.<\/p>","text_position":"align-center","text_position_mobile":"align-center","text_alignment":"text-center","text_alignment_mobile":"text-center","enable_custom_fonts":false,"slideshow_family":"poppins_n4","button_label":"","button_link":"","button_style":"btn--primary","button_label_2":"","button_link_2":"","button_style_2":""}}},"block_order":["slide_MQrHNg"],"disabled":true,"custom_css":[],"settings":{"show_on_desktop":true,"show_on_mobile":true,"section_height":"xsmall","section_height_mobile":"xsmall","arrows":false,"dots":false,"autoplay":false,"autoplayspeed":8}},"1709321789e04d259f":{"type":"apps","settings":{}}},"order":["e8091591-c472-4f99-af3d-ea90c97d94d3","0f521e38-869a-499a-b7fc-ab2f973ebcf9","1709321789e04d259f"]}