{"sections":{"main":{"type":"page-full-width","disabled":true,"settings":{}},"1e9f3ac7-1e41-49f1-9d71-7db72f414c80":{"type":"custom-html","blocks":{"template--17921463386390__1e9f3ac7-1e41-49f1-9d71-7db72f414c80-1678818760571ca3b3-0":{"type":"html","settings":{"title":"","code":"<h2>WELCOME TO THE SALON!\n<\/h2><p>The Snogo Salon is designed to serve as a gathering place and primary information hub for Snogo Affiliates and Brand Ambassadors, and features a chat space, a leaderboard, useful tools, important links and a big, banner-like space where we’ll be announcing all those freebies, incentives and exclusive offers.<\/p>","column_width":12,"column_width_mobile":12,"text_alignment":"text-center"}}},"block_order":["template--17921463386390__1e9f3ac7-1e41-49f1-9d71-7db72f414c80-1678818760571ca3b3-0"],"settings":{"show_on_desktop":true,"show_on_mobile":true,"padding_section":true,"section_style":"section-blank","wrapper_size":""}},"2da0e750-e45d-490f-bc4c-2d42f7106008":{"type":"hero","blocks":{"4541a228-1722-4c65-9754-2d81dc46a12a":{"type":"slide","settings":{"title":"","overlay":false,"image":"shopify:\/\/shop_images\/image001.jpg","image_mobile":"shopify:\/\/shop_images\/image001.jpg","image_position":"center center","image_position_mobile":"center center","slide_link":"","video":"","heading_text":"","text":"","text_position":"align-bottom","text_position_mobile":"align-bottom","text_alignment":"text-center","text_alignment_mobile":"text-center","enable_custom_fonts":false,"slideshow_family":"poppins_n4","button_label":"","button_link":"","button_style":"btn--primary","button_label_2":"","button_link_2":"","button_style_2":""}}},"block_order":["4541a228-1722-4c65-9754-2d81dc46a12a"],"settings":{"show_on_desktop":true,"show_on_mobile":true,"section_height":"small","section_height_mobile":"small","arrows":true,"dots":true,"autoplay":false,"autoplayspeed":8}},"706c767a-5abc-4478-bf0f-f80e012b41ff":{"type":"featured-columns","blocks":{"template--17921463386390__706c767a-5abc-4478-bf0f-f80e012b41ff-167900741385a633ec-0":{"type":"text_block","disabled":true,"settings":{"title":"","image":"shopify:\/\/shop_images\/ChicBanners_ver1_24Sale.png","image_link":"shopify:\/\/products\/snogo-carbon","icon":"","heading_text":"The CHIC [SHēk]","text":"<h3>Exclusively available only for Affiliate + Ambassador. <strong>Just 45 in existence.<\/strong><\/h3>","button_style":"","button_label":"SHOP NOW","button_link":"shopify:\/\/products\/snogo-carbon"}},"9bc699b7-eed5-4fc7-8562-a78b28e99137":{"type":"text_block","settings":{"title":"CHIC INTRO","image":"shopify:\/\/shop_images\/ChicBanners_ver1.png","image_link":"shopify:\/\/products\/snogo-carbon","icon":"","heading_text":"CHIC INTRO","text":"<h3>THE CHIC [SHĒK]<\/h3><h3><strong>JUST 45 IN EXISTENCE.<\/strong><\/h3>","button_style":"btn--primary","button_label":"SHOP NOW","button_link":"shopify:\/\/products\/snogo-carbon"}}},"block_order":["template--17921463386390__706c767a-5abc-4478-bf0f-f80e012b41ff-167900741385a633ec-0","9bc699b7-eed5-4fc7-8562-a78b28e99137"],"settings":{"show_on_desktop":true,"show_on_mobile":true,"title":"","subtitle":"","section_style":"section-blank","text_align":"text-center"}},"3d7b4c45-2901-4cdb-84d8-47c6713372fe":{"type":"custom-html","blocks":{"template--17921463386390__3d7b4c45-2901-4cdb-84d8-47c6713372fe-1678906194fb58fce5-0":{"type":"html","settings":{"title":"","code":"<h1 style=\"text-align: center;\"><strong>MARKETING &amp; MATERIALS<\/strong><\/h1>","column_width":12,"column_width_mobile":12,"text_alignment":"text-center"}}},"block_order":["template--17921463386390__3d7b4c45-2901-4cdb-84d8-47c6713372fe-1678906194fb58fce5-0"],"settings":{"show_on_desktop":true,"show_on_mobile":true,"padding_section":true,"section_style":"section-blank","wrapper_size":""}},"ecc80771-da4d-4343-913d-dd1f26f3a43a":{"type":"custom-html","blocks":{"template--17921463386390__ecc80771-da4d-4343-913d-dd1f26f3a43a-16789027729cfe7e44-0":{"type":"html","settings":{"title":"","code":"<style>\n.accordion {\nbackground-color: #eee;\ncolor: #444;\ncursor: pointer;\npadding: 18px;\nwidth: 100%;\nborder: none;\ntext-align: left;\noutline: none;\nfont-size: 15px;\ntransition: 0.7s;\n}\n\n.active, .accordion:hover {\nbackground-color: #000 !important;\ncolor: #fff;\n}\n\n.accordion:after {\ncontent: '\\002B';\ncolor: #777;\nfont-weight: bold;\nfloat: right;\nmargin-left: 5px;\n}\n\n.active:after {\ncontent: \"\\2212\";\n}\n\n.panel {\npadding: 0 18px;\nbackground-color: white;\nmax-height: 0;\noverflow: hidden;\ntransition: max-height 0.8s ease-out;\nborder-bottom: 3px solid transparent;\n}\n<\/style>\n\n<div style=\"vertical-align: top; text-align: left;\">\n<h3>SNOGO COLLECTIONS \"SHAREABLES\"<\/h3>\n\n<button class=\"accordion\">SNOGO<\/button>\n<div class=\"panel\">\n<p>A beautifully crafted, low profile bump straw and scoop.<\/p>\n<img src=\"https:\/\/cdn.shopify.com\/s\/files\/1\/0555\/5657\/1331\/products\/SilverCenterFront_13e30acb-a49c-41a6-9e19-a1ca8afb24ac_900x900.jpg?v=1678466253\">\n<a href=\"https:\/\/snogostraws.com\/collections\/snogo\" class=\"btn\">Shop Now<\/a>\n<\/div>\n\n<button class=\"accordion\">ICOGNITO<\/button>\n\n<div class=\"panel\">\n<p>Our smallest, low profile bump straw and scoop, half the size of the SNOGO with the same scoop capacity.<\/p>\n\n<img src=\"https:\/\/cdn.shopify.com\/s\/files\/1\/0555\/5657\/1331\/products\/NitrideIncognitoCenterFront_42e85a60-d71e-4538-a9d2-60a603558a28_900x900.jpg?v=1678467057\">\n<a href=\"https:\/\/snogostraws.com\/collections\/snogo\/products\/incognito-straw?variant=44337178870038\" class=\"btn\">Shop Now <\/a>\n<\/div>\n\n<button class=\"accordion\">SMG<\/button>\n<div class=\"panel\">\n<p>Introducing a precision dosing bump straw: The Snogo SMG.<\/p>\n<img src=\"https:\/\/cdn.shopify.com\/s\/files\/1\/0555\/5657\/1331\/products\/BGG-FRONT-800px_900x900.jpg?v=1674842481\">\n<a href=\"https:\/\/snogostraws.com\/products\/smg?variant=44029074866454\" class=\"btn\">Shop Now<\/a>\n<\/div>\n\n<button class=\"accordion\">The CHIC<\/button>\n\n<div class=\"panel\">\n<p>The CHIC comes with an SMG necklace, 4-pack of Snogo's signature cacao blends, 4-pack of vials, luxury gift wrap, and a Snogo tote bag.<\/p>\n<img src=\"https:\/\/cdn.shopify.com\/s\/files\/1\/0555\/5657\/1331\/products\/CarbonIncognitocenterfront_900x900.jpg?v=1666827272\">\n<a href=\"https:\/\/snogostraws.com\/products\/snogo-carbon?variant=43654757744918\" class=\"btn\">Shop Now<\/a>\n<\/div>\n\n<button class=\"accordion\">Cacao<\/button>\n\n<div class=\"panel\">\n<p>We've curated our own line of organic raw cacao blends. <\/p>\n<img src=\"https:\/\/cdn.shopify.com\/s\/files\/1\/0555\/5657\/1331\/products\/Tall_Cacao_Full_900x900.png?v=1636741775\">\n<a href=\"https:\/\/snogostraws.com\/collections\/cacao\" class=\"btn\">Shop Now<\/a>\n<\/div>\n<\/div>\n\n<script>\nvar acc = document.getElementsByClassName(\"accordion\");\nvar i;\n\nfor (i = 0; i < acc.length; i++) {\nacc[i].addEventListener(\"click\", function() {\nthis.classList.toggle(\"active\");\nvar panel = this.nextElementSibling;\nif (panel.style.maxHeight){\npanel.style.maxHeight = null;\n} else {\npanel.style.maxHeight = panel.scrollHeight + \"px\";\n}\n});\n}\n<\/script>","column_width":6,"column_width_mobile":12,"text_alignment":"text-center"}},"e9f6f105-6126-41b1-8496-ee728c7260c5":{"type":"html","settings":{"title":"","code":"<style>\n.fullWidth {\nwidth: 100%;}\n<\/style>\n\n<div style=\"vertical-align: top; text-align: left;\">\n<h3>Useful Links<\/h3>\n\n<p>\n<a href=\"https:\/\/af.uppromote.com\/snogostraws\/\" target=\"_blank\" class=\"btn btn-outline-primary btn--small spacer-top-sm fullWidth\">Affiliate Login<\/a><br>\n<a href=\"https:\/\/af.uppromote.com\/snogostraws\/register\" target=\"_blank\" class=\"btn btn-outline-primary btn--small spacer-top-sm fullWidth\">Affiliate Sign Up<\/a><br>\n<a href=\"https:\/\/snogostraws.com\/pages\/brand-ambassador-form\" target=\"_blank\" class=\"btn btn-outline-primary btn--small spacer-top-sm fullWidth\">Brand Ambassador Sign Up<\/a><br>\n<a href=\"https:\/\/www.facebook.com\/groups\/606685987801737\/\" target=\"_blank\" class=\"btn btn-outline-primary btn--small spacer-top-sm fullWidth\">Snogo In the Wild - Facebook Group <\/a><\/p>\n<\/div>","column_width":3,"column_width_mobile":12,"text_alignment":"text-center"}},"389c6119-6707-464a-94bb-87fa08641890":{"type":"html","settings":{"title":"","code":"<style>\n.fullWidth {\nwidth: 100%;}\n<\/style>\n\n<div style=\"vertical-align: top; text-align: left;\">\n<h3>RULES OF THE ROAD<\/h3>\n<p>\n<a href=\"https:\/\/snogostraws.com\/policies\/terms-of-service\" target=\"_blank\" class=\"btn btn-outline-primary btn--small spacer-top-sm fullWidth\">Terms of Service<\/a><br>\n<a href=\"https:\/\/af.uppromote.com\/snogostraws\/guide\" target=\"_blank\" class=\"btn btn-outline-primary btn--small spacer-top-sm fullWidth\">Affiliate Terms of Service<\/a><br>\n<a href=\"https:\/\/cdn.shopify.com\/s\/files\/1\/0555\/5657\/1331\/files\/Updated_Brand_Ambassador_Program_Terms_Conditions.pdf?v=1678979913\" target=\"_blank\" class=\"btn btn-outline-primary btn--small spacer-top-sm fullWidth\">Brand Ambassador Terms of Service<\/a><\/p>\n\n<\/div>","column_width":3,"column_width_mobile":12,"text_alignment":"text-center"}}},"block_order":["template--17921463386390__ecc80771-da4d-4343-913d-dd1f26f3a43a-16789027729cfe7e44-0","e9f6f105-6126-41b1-8496-ee728c7260c5","389c6119-6707-464a-94bb-87fa08641890"],"settings":{"show_on_desktop":true,"show_on_mobile":true,"padding_section":true,"section_style":"section-blank","wrapper_size":""}},"83db8105-5999-4408-8e12-a837ab7cc427":{"type":"quotes","blocks":{"template--17921463386390__83db8105-5999-4408-8e12-a837ab7cc427-16788270141dac10c1-0":{"type":"quote","settings":{"title":"","icon":"looks_one","quote":"<p>Total Sales: <strong>$22,338.10 <\/strong><\/p>","author":"Andhi","text_alignment":"text-center","text_alignment_mobile":"text-center"}},"template--17921463386390__83db8105-5999-4408-8e12-a837ab7cc427-16788270141dac10c1-1":{"type":"quote","settings":{"title":"","icon":"looks_two","quote":"<p>Total Sales: <strong>$12,883.20<\/strong><\/p>","author":"Sam","text_alignment":"text-center","text_alignment_mobile":"text-center"}},"template--17921463386390__83db8105-5999-4408-8e12-a837ab7cc427-16788270141dac10c1-2":{"type":"quote","settings":{"title":"","icon":"looks_3","quote":"<p>Total Sales: <strong>$10,292.00<\/strong><\/p>","author":"Devin","text_alignment":"text-center","text_alignment_mobile":"text-center"}}},"block_order":["template--17921463386390__83db8105-5999-4408-8e12-a837ab7cc427-16788270141dac10c1-0","template--17921463386390__83db8105-5999-4408-8e12-a837ab7cc427-16788270141dac10c1-1","template--17921463386390__83db8105-5999-4408-8e12-a837ab7cc427-16788270141dac10c1-2"],"settings":{"show_on_desktop":true,"show_on_mobile":true,"title":"2022 Affiliate Leader Board","subtitle":"","section_style":"section-blank","quote_width":"60","arrows":false,"dots":false,"autoplay":true,"autoplayspeed":3}},"6280d228-99f0-485d-a6b4-d52a3f5c697e":{"type":"quotes","blocks":{"template--17921463386390__6280d228-99f0-485d-a6b4-d52a3f5c697e-167889664934109049-0":{"type":"quote","settings":{"title":"","icon":"looks_one","quote":"<p>Total Sales: <strong>$12,925.33<\/strong><\/p>","author":"Richard","text_alignment":"text-center","text_alignment_mobile":"text-center"}},"template--17921463386390__6280d228-99f0-485d-a6b4-d52a3f5c697e-167889664934109049-1":{"type":"quote","settings":{"title":"","icon":"looks_two","quote":"<p>Total Sales:<strong> $9,868.32<\/strong><\/p>","author":"George","text_alignment":"text-center","text_alignment_mobile":"text-center"}},"template--17921463386390__6280d228-99f0-485d-a6b4-d52a3f5c697e-167889664934109049-2":{"type":"quote","settings":{"title":"","icon":"looks_3","quote":"<p>Total Sales:<strong> $9,579.67<\/strong><\/p>","author":"Herman","text_alignment":"text-center","text_alignment_mobile":"text-center"}}},"block_order":["template--17921463386390__6280d228-99f0-485d-a6b4-d52a3f5c697e-167889664934109049-0","template--17921463386390__6280d228-99f0-485d-a6b4-d52a3f5c697e-167889664934109049-1","template--17921463386390__6280d228-99f0-485d-a6b4-d52a3f5c697e-167889664934109049-2"],"settings":{"show_on_desktop":true,"show_on_mobile":true,"title":"2022 Brand Ambassador Leader Board","subtitle":"","section_style":"section-blank","quote_width":"60","arrows":true,"dots":true,"autoplay":true,"autoplayspeed":5}},"c262f7fa-ace6-4e28-a49f-d14f52142071":{"type":"featured-blog","settings":{"show_on_desktop":true,"show_on_mobile":true,"title":"SALON COMMUNITY POSTS","subtitle":"","section_style":"section-blank","blog":"snogo-salon","rows":"1","grid":"3","show_view_all":false,"button_style":""}},"1678818521d4abf410":{"type":"apps","settings":{}}},"order":["main","1e9f3ac7-1e41-49f1-9d71-7db72f414c80","2da0e750-e45d-490f-bc4c-2d42f7106008","706c767a-5abc-4478-bf0f-f80e012b41ff","3d7b4c45-2901-4cdb-84d8-47c6713372fe","ecc80771-da4d-4343-913d-dd1f26f3a43a","83db8105-5999-4408-8e12-a837ab7cc427","6280d228-99f0-485d-a6b4-d52a3f5c697e","c262f7fa-ace6-4e28-a49f-d14f52142071","1678818521d4abf410"]}