{"sections":{"main":{"type":"dbtfy-faq-section","blocks":{"32599256-f5ba-405b-af73-82d373570a12":{"type":"category_block","settings":{"title":"General Questions","dbtfy_faq_category":"General Questions","dbtfy_faq_icons":"support"}},"cd6444c1-28a1-4ea0-97c6-9b9c113bb933":{"type":"text_block","settings":{"title":"","dbtfy_faq_page_open_1":false,"dbtfy_faq_page_icon_1":"","question_1":"What’s the difference between the Snogo and the Incognito?","text_1":"<p>The difference is their length. Incognito is shorter 1.5 inches versus 3 inches.<\/p>","dbtfy_faq_page_open_2":false,"dbtfy_faq_page_icon_2":"","question_2":"Do we ship internationally?","text_2":"<p>YES. We've worked hard to offer more affordable interntional shipping rates. Delivery times for international shipments can’t be predicted.<\/p>","dbtfy_faq_page_open_3":false,"dbtfy_faq_page_icon_3":"","question_3":"What is the diameter of the inner and outer tube?","text_3":"<p>The inner and outer tube diameter is approximately .25 cm.<\/p>","dbtfy_faq_page_open_4":false,"dbtfy_faq_page_icon_4":"","question_4":"Can I get a Snogo without the SNOGO logo?","text_4":"<p>NO.<\/p>","dbtfy_faq_page_open_5":false,"dbtfy_faq_page_icon_5":"","question_5":"What’s the difference between the Thin and Thick Necklace?","text_5":"<p>Thin: ½ mm. Thick: 1 mm. <\/p>","dbtfy_faq_page_open_6":false,"dbtfy_faq_page_icon_6":"","question_6":"Do Necklaces come with Snogo?","text_6":"<p>NO. Necklaces do not come with Snogo. These are separate products.<\/p>","dbtfy_faq_page_open_7":false,"dbtfy_faq_page_icon_7":"","question_7":"What fonts are available for custom engravings? How many characters?","text_7":"<p>Custom engravings are possible on all finishes. Up to 11 or 14 characters can be engraved. We have carefully preselected fonts that look good when engraved on a Snogo, Incognito or Mojo. Unfortunately we cannot engrave special characters. <\/p>","dbtfy_faq_page_open_8":false,"dbtfy_faq_page_icon_8":"","question_8":"Can I get an image engraved?","text_8":"<p>YES! Upload your logo when purchasing a custom engraved bump straw. <\/p>","dbtfy_faq_page_open_9":false,"dbtfy_faq_page_icon_9":"","question_9":"I have a promo code. How do I use it?","text_9":"<p>There is no need to enter in your promo code. Your personal discount has been applied. <\/p>","dbtfy_faq_page_open_10":false,"dbtfy_faq_page_icon_10":"","question_10":"Is Express shipping offered?","text_10":"<p>YES! Select UPS Next Day Air for a rushed delivery. Please note any orders after 2PM MST will start sending the next day.<\/p>"}},"7360bcc0-bb10-47fd-943f-ad9befe25ec7":{"type":"category_block","settings":{"title":"Support","dbtfy_faq_category":"Support","dbtfy_faq_icons":"support"}},"fd07b380-6db3-4960-b4e3-961c9864e38a":{"type":"text_block","settings":{"title":"","dbtfy_faq_page_open_1":false,"dbtfy_faq_page_icon_1":"","question_1":"What is the shipping timeline?","text_1":"<p>Orders are processed and shipped within 24-48 hours, Monday thru Friday. Your tracking information will be emailed to you upon shipment.<\/p>","dbtfy_faq_page_open_2":false,"dbtfy_faq_page_icon_2":"","question_2":"Can I get a refund if my Snogo or necklace breaks?","text_2":"<p>NO. But you can request a replacement.<\/p>","dbtfy_faq_page_open_3":false,"dbtfy_faq_page_icon_3":"","question_3":"What is the refund policy?","text_3":"<p>Please see our <a href=\"\/policies\/refund-policy\" target=\"_blank\" title=\"Refund Policy\">Refund Policy.<\/a><\/p>","dbtfy_faq_page_open_4":false,"dbtfy_faq_page_icon_4":"","question_4":"I need to change my shipping address. How do I change my shipping address?","text_4":"<p>This is only possible before your order has shipped. We typically start shipping orders within 24-48 hours after an order is place. <br\/><br\/>Sign into your My Account, click Account Information go down to your Address, click the 3 dots then click Edit. <br\/><br\/>We will try to apply your changes to the best of our abilities. <\/p>","dbtfy_faq_page_open_5":false,"dbtfy_faq_page_icon_5":"","question_5":"How to Snogo?","text_5":"<p>1. Depress Snogo Plunger 2. Scoop Cacao 3. Release Plunger 4. Inhale through top of plunger<\/p><p><a href=\"https:\/\/vimeo.com\/349066801\">HOW TO SNOGO DEMO VIDEO<\/a><\/p>","dbtfy_faq_page_open_6":false,"dbtfy_faq_page_icon_6":"","question_6":"How to open and release the Snogo?","text_6":"<p>Open and release the Snogo Straw for 3 in 1 multi-function, and cleaning.<\/p><p>1. Depress plunger 2. Align groove, and twist inner plunger clockwise 180 degrees or one half turn. 3. Release the inner plunger. 4. Enjoy straw function. 5. Enjoy scoop function.<\/p>","dbtfy_faq_page_open_7":false,"dbtfy_faq_page_icon_7":"","question_7":"How to clean my Snogo?","text_7":"<p>Disassemble Snogo, soak scoop area in club soda for one minute. Then spray the microfiber towel (provided) with white vinegar, and wipe down entire Snogo and remove any unwanted debris. DO NOT USE ABRASIVE CLEANING MATERIALS or Snogo may scratch. Thoroughly dry to remove all moisture from the Snogo. Re-assemble and enjoy.<\/p>","dbtfy_faq_page_open_8":false,"dbtfy_faq_page_icon_8":"","question_8":"","text_8":"","dbtfy_faq_page_open_9":false,"dbtfy_faq_page_icon_9":"","question_9":"","text_9":"","dbtfy_faq_page_open_10":false,"dbtfy_faq_page_icon_10":"","question_10":"","text_10":""}},"category_block_wtVqcQ":{"type":"category_block","settings":{"title":"","dbtfy_faq_category":"Brand Ambassador Questions","dbtfy_faq_icons":"support"}},"text_block_BLwEkQ":{"type":"text_block","settings":{"title":"","dbtfy_faq_page_open_1":false,"dbtfy_faq_page_icon_1":"","question_1":"I need to add another location to my account. How to add more shipping locations?","text_1":"<p>Please reach out to use at rachel@snogostraws.com with the shipping address you would like to add. <br\/><br\/>We usually approve perminate shipping locations within 1-2 working days. <br\/><br\/>Please note that each new perminate shipping location will require a location admin.<br\/><br\/>If you need to order right now, don't worry we got you covered. We allow partners to ship to any one-time address during checkout. <br\/><\/p>","dbtfy_faq_page_open_2":false,"dbtfy_faq_page_icon_2":"","question_2":"","text_2":"","dbtfy_faq_page_open_3":false,"dbtfy_faq_page_icon_3":"","question_3":"","text_3":"","dbtfy_faq_page_open_4":false,"dbtfy_faq_page_icon_4":"","question_4":"","text_4":"","dbtfy_faq_page_open_5":false,"dbtfy_faq_page_icon_5":"","question_5":"","text_5":"","dbtfy_faq_page_open_6":false,"dbtfy_faq_page_icon_6":"","question_6":"","text_6":"","dbtfy_faq_page_open_7":false,"dbtfy_faq_page_icon_7":"","question_7":"","text_7":"","dbtfy_faq_page_open_8":false,"dbtfy_faq_page_icon_8":"","question_8":"","text_8":"","dbtfy_faq_page_open_9":false,"dbtfy_faq_page_icon_9":"","question_9":"","text_9":"","dbtfy_faq_page_open_10":false,"dbtfy_faq_page_icon_10":"","question_10":"","text_10":""}},"d8178988-405e-472c-9990-50c8430e4ab4":{"type":"category_block","settings":{"title":"","dbtfy_faq_category":"Affiliate Questions","dbtfy_faq_icons":"monetization_on"}},"088959fa-77eb-486e-ac8e-ea8aa7c5f39a":{"type":"text_block","settings":{"title":"","dbtfy_faq_page_open_1":false,"dbtfy_faq_page_icon_1":"","question_1":"How do I login?","text_1":"<p>Access your Affiliate dashboard <a href=\"https:\/\/af.uppromote.com\/snogostraws\/\" target=\"_blank\" title=\"https:\/\/af.uppromote.com\/snogostraws\/\">HERE<\/a><\/p>","dbtfy_faq_page_open_2":false,"dbtfy_faq_page_icon_2":"","question_2":"What programs do we have?","text_2":"<p>We offer 3 options: Brand Ambassadors, Affiliates, and Influencers. Please check out the details and see which one works best for you: <a href=\"\/pages\/getting-involved\" title=\"Promote Us, Get Paid\">PROMOTE US, GET PAID. <\/a><\/p>","dbtfy_faq_page_open_3":false,"dbtfy_faq_page_icon_3":"","question_3":"How do I see my commissions? How do I see who purchased via my link\/code?","text_3":"<p>Once a sale is made you will be able to see the order details in your dashboard in the <a href=\"https:\/\/af.uppromote.com\/snogostraws\/commission\" target=\"_blank\" title=\"https:\/\/af.uppromote.com\/snogostraws\/commission\">commissions section<\/a>. <\/p>","dbtfy_faq_page_open_4":false,"dbtfy_faq_page_icon_4":"","question_4":"Can I make a QR code with my affiliate link?","text_4":"<p>YES! Go to your dashboard on your mobile device and download your unique QR code as an image by clicking the QR code Share option. <\/p>","dbtfy_faq_page_open_5":false,"dbtfy_faq_page_icon_5":"","question_5":"When can I be expecting my commission payout?","text_5":"<p>Currently our lovely program director manually approves every sale and commission with 30 days. Processing may take up to 2-3 days. <\/p>","dbtfy_faq_page_open_6":false,"dbtfy_faq_page_icon_6":"","question_6":"","text_6":"","dbtfy_faq_page_open_7":false,"dbtfy_faq_page_icon_7":"","question_7":"","text_7":"","dbtfy_faq_page_open_8":false,"dbtfy_faq_page_icon_8":"","question_8":"","text_8":"","dbtfy_faq_page_open_9":false,"dbtfy_faq_page_icon_9":"","question_9":"","text_9":"","dbtfy_faq_page_open_10":false,"dbtfy_faq_page_icon_10":"","question_10":"","text_10":""}}},"block_order":["32599256-f5ba-405b-af73-82d373570a12","cd6444c1-28a1-4ea0-97c6-9b9c113bb933","7360bcc0-bb10-47fd-943f-ad9befe25ec7","fd07b380-6db3-4960-b4e3-961c9864e38a","category_block_wtVqcQ","text_block_BLwEkQ","d8178988-405e-472c-9990-50c8430e4ab4","088959fa-77eb-486e-ac8e-ea8aa7c5f39a"],"settings":{"show_on_desktop":true,"show_on_mobile":true,"title":"FREQUENTLY ASKED QUESTIONS","subtitle":"","section_style":"section-border","dbtfy_faq_searchbox":true,"dbtfy_faq_search_placeholder":"Search questions...","text_alignment":"text-center","text_alignment_mobile":"text-center","dbtfy_faq_bannerbox":true,"dbtfy_faq_banner_icon":"live_help","dbtfy_faq_banner_text":"Didn't find your answer?","dbtfy_faq_banner_subtitle":"Our customer service will be happy to help you.","dbtfy_faq_btn":"Get in Touch","dbtfy_faq_link":"shopify:\/\/policies\/contact-information"}}},"order":["main"]}