{"sections":{"main":{"type":"page","settings":{}},"a2f45b0d-19ef-494b-b121-5a8edb96b638":{"type":"featured-video","blocks":{"template--16740132323606__a2f45b0d-19ef-494b-b121-5a8edb96b638-167210431232e966f0-0":{"type":"video","settings":{"title":"","video_url":"https:\/\/youtu.be\/RQH6RRwbI1c"}}},"block_order":["template--16740132323606__a2f45b0d-19ef-494b-b121-5a8edb96b638-167210431232e966f0-0"],"settings":{"show_on_desktop":true,"show_on_mobile":true,"full_width":true,"title":"","subtitle":"","section_style":"section-blank"}}},"order":["main","a2f45b0d-19ef-494b-b121-5a8edb96b638"]}