{"sections":{"main":{"type":"product-template","settings":{"show_product_vendor":false,"show_product_type":true,"show_product_sku":false,"show_product_tags":false,"show_sharing_icons":false,"show_product_collections":true,"product_title_large":false,"product_title_position_mobile":"below","enable_image_zoom_on_icon_click":true,"image_display_type":"full_screen_image","enable_fading_effect":true,"enable_video_looping":true,"media_layout":"thumbnails","image_size":"small","enable_arrows":true,"thumbnails_position":"bottom_center","quantity_enabled":true,"product_selector":"radio","show_product_description":true,"enable_split_description":true,"description_full":true,"dbtfy_product_description_position":"separate_section","description_style":"section-border","text_alignment":"","text_alignment_mobile":"small--text-left"}},"hero_FxeAGU":{"type":"hero","blocks":{"slide_hPtRYN":{"type":"slide","settings":{"title":"","overlay":true,"image":"shopify:\/\/shop_images\/SNOGO-SMG-WEBSITE-BANNER-Jan24.jpg","image_mobile":"shopify:\/\/shop_images\/SNOGO-SMG-WEBSITE-BANNER-Jan24.jpg","image_position":"center center","image_position_mobile":"center center","slide_link":"","video":"","heading_text":"The Snogo Brand Ambassador Experience","text":"<p>Get deeply discounted prices, product information, and comlimentary insured shipping worldwide on your orders.<\/p>","text_position":"align-center","text_position_mobile":"align-center","text_alignment":"text-center","text_alignment_mobile":"text-center","enable_custom_fonts":false,"slideshow_family":"poppins_n4","button_label":"","button_link":"","button_style":"btn--primary","button_label_2":"","button_link_2":"","button_style_2":""}}},"block_order":["slide_hPtRYN"],"settings":{"show_on_desktop":true,"show_on_mobile":true,"section_height":"xsmall","section_height_mobile":"xsmall","arrows":true,"dots":true,"autoplay":false,"autoplayspeed":8}},"upsell-bundles":{"type":"dbtfy-upsell-bundles","disabled":true,"settings":{"dbtfy_upsell_bundles_title":"Logo custom engraving","dbtfy_upsell_bundles_subtitle":"Send file to help@snogostraws.com","dbtfy_upsell_bundles_total":"Total price:","dbtfy_upsell_bundles_cart":"Add","dbtfy_upsell_bundles_icons":"library_add_check","dbtfy_upsell_bundles_current":"This item:","section_style":"section-border","dbtfy_upsell_bundles_reviews":false,"show_automatic_bundles":false,"dbtfy_upsell_bundles_limit":"2","dbtfy_upsell_bundles_position":"product","dbtfy_upsell_bundles_discount_code":"","dbtfy_upsell_bundles_discount_amount":"","dbtfy_upsell_bundles_discount_type":"%"}},"product-recommendations":{"type":"product-recommendations","disabled":true,"settings":{"show_product_recommendations":true,"title":"More top selling products","subtitle":"","section_style":"section-border","rows":"1","desktop_grid":"4","mobile_grid":"2","slider_related_products":true,"arrows":false,"dots":false,"autoplay":true,"autoplayspeed":5}},"review-widget":{"type":"product-review-widget","disabled":true,"settings":{}},"related-products":{"type":"related-products","disabled":true,"settings":{"show_related_products":false,"related_collection":true,"same_vendor":false,"same_type":false,"never_empty":true,"title":"You may also like","subtitle":"","section_style":"section-border","rows":"1","desktop_grid":"4","mobile_grid":"2","slider_related_products":true,"arrows":true,"dots":true,"autoplay":false,"autoplayspeed":5}},"back-to-collection":{"type":"product-back-to-collection","settings":{}}},"order":["main","hero_FxeAGU","upsell-bundles","product-recommendations","review-widget","related-products","back-to-collection"]}